{"type":"Feature","properties":{"source":"Natural Earth 1:10m Admin 0 countries (public domain)","countries":["AND","AUT","BEL","CHE","DEU","ESP","GBR","GGY","ITA","JEY","LIE","LUX","MCO","NLD"]},"geometry":{"type":"MultiPolygon","coordinates":[[[[13.8157,48.7664],[13.7859,48.7248],[13.7836,48.7153],[13.7888,48.7165],[13.7994,48.7026],[13.8044,48.6996],[13.8169,48.6956],[13.8035,48.6872],[13.8009,48.6752],[13.8062,48.6429],[13.8055,48.6261],[13.8024,48.6117],[13.7962,48.5986],[13.779,48.5739],[13.7743,48.5692],[13.766,48.5638],[13.7581,48.5615],[13.7373,48.5593],[13.7339,48.5598],[13.7254,48.5484],[13.7165,48.5217],[13.7143,48.5232],[13.6734,48.5355],[13.6581,48.5511],[13.6418,48.5591],[13.6244,48.5654],[13.5207,48.5846],[13.4872,48.5816],[13.4546,48.5734],[13.4456,48.5679],[13.4401,48.561],[13.4407,48.5573],[13.4437,48.5529],[13.4477,48.5348],[13.457,48.5252],[13.4592,48.5164],[13.4564,48.5067],[13.443,48.4877],[13.4382,48.4785],[13.4364,48.4692],[13.4382,48.441],[13.4362,48.4306],[13.4317,48.4237],[13.4272,48.4185],[13.4252,48.4134],[13.4195,48.3922],[13.4056,48.3766],[13.3078,48.3196],[13.2742,48.3071],[13.1364,48.2911],[13.0328,48.2636],[13.0167,48.2559],[12.9794,48.232],[12.9472,48.22],[12.9317,48.2116],[12.933,48.2093],[12.8776,48.202],[12.8626,48.1966],[12.8535,48.19],[12.8352,48.1707],[12.8221,48.1607],[12.7824,48.142],[12.7783,48.1387],[12.7641,48.1238],[12.758,48.1219],[12.7514,48.1221],[12.745,48.1206],[12.7389,48.1134],[12.737,48.1],[12.742,48.0868],[12.7509,48.0747],[12.7602,48.0649],[12.8306,48.0155],[12.8456,47.9931],[12.8482,47.9824],[12.8486,47.9809],[12.854,47.9705],[12.862,47.9626],[12.886,47.9529],[12.9062,47.9389],[12.9142,47.936],[12.9311,47.9249],[12.965,47.872],[12.9866,47.8503],[12.9912,47.8471],[12.9267,47.7774],[12.9213,47.7695],[12.9193,47.7632],[12.919,47.7568],[12.9172,47.7502],[12.9108,47.7431],[12.9106,47.7429],[12.892,47.7235],[12.9083,47.7124],[12.964,47.7054],[12.979,47.7071],[13.0044,47.7146],[13.0199,47.7129],[13.0323,47.7066],[13.0446,47.6966],[13.0641,47.674],[13.072,47.6595],[13.0748,47.6467],[13.0742,47.6345],[13.072,47.6224],[13.0696,47.6202],[13.0577,47.6004],[13.0571,47.5977],[13.0409,47.5834],[13.0383,47.584],[13.0391,47.5613],[13.0412,47.5619],[13.0401,47.5605],[13.0306,47.5443],[13.0281,47.5416],[13.0281,47.5242],[13.029,47.518],[13.0312,47.5126],[13.0344,47.5074],[13.037,47.5014],[13.0373,47.493],[13.0088,47.4701],[13.0019,47.466],[12.9911,47.4657],[12.9849,47.4683],[12.9793,47.4722],[12.9697,47.4757],[12.9593,47.4755],[12.951,47.4725],[12.9425,47.4705],[12.9316,47.4735],[12.8826,47.4986],[12.8369,47.5327],[12.8284,47.5373],[12.819,47.5395],[12.8036,47.5413],[12.7789,47.5548],[12.7737,47.5795],[12.7859,47.6027],[12.8132,47.6118],[12.7933,47.6248],[12.7674,47.6364],[12.7517,47.6494],[12.762,47.6669],[12.7448,47.6654],[12.6887,47.6751],[12.6531,47.6751],[12.6174,47.6693],[12.5984,47.6629],[12.5634,47.6418],[12.5538,47.636],[12.5382,47.6313],[12.5171,47.6285],[12.4966,47.6289],[12.4825,47.6336],[12.4528,47.6498],[12.4447,47.6563],[12.4392,47.6645],[12.4288,47.6858],[12.4241,47.6916],[12.4077,47.6937],[12.3684,47.6836],[12.3515,47.6817],[12.2937,47.69],[12.2719,47.6879],[12.2496,47.68],[12.2387,47.6789],[12.2288,47.6849],[12.2233,47.6959],[12.2266,47.7029],[12.233,47.7089],[12.2365,47.7168],[12.2391,47.7274],[12.2422,47.732],[12.2397,47.7317],[12.2252,47.7274],[12.2165,47.7237],[12.1924,47.7102],[12.1766,47.7058],[12.1786,47.6977],[12.1818,47.6921],[12.1891,47.6856],[12.1973,47.6801],[12.2023,47.6778],[12.2051,47.6723],[12.2068,47.6456],[12.2057,47.6362],[12.2021,47.6298],[12.1736,47.6051],[12.1656,47.604],[11.9359,47.6107],[11.852,47.5992],[11.8407,47.5946],[11.8307,47.5776],[11.8203,47.5753],[11.764,47.5831],[11.6826,47.5834],[11.639,47.5892],[11.6205,47.5897],[11.617,47.5868],[11.5891,47.5704],[11.5823,47.5598],[11.5745,47.5366],[11.5694,47.5274],[11.5512,47.5137],[11.5295,47.5079],[11.4826,47.5026],[11.46,47.5074],[11.4354,47.5097],[11.4126,47.5061],[11.3655,47.4693],[11.3778,47.4671],[11.3886,47.4622],[11.3925,47.4548],[11.3839,47.4449],[11.3677,47.4401],[11.3242,47.4394],[11.3056,47.4354],[11.2863,47.4232],[11.2731,47.4111],[11.2588,47.4007],[11.237,47.394],[11.213,47.3958],[11.2152,47.423],[11.1938,47.4289],[11.1686,47.4243],[11.1033,47.3936],[11.0837,47.3895],[10.9795,47.3905],[10.9655,47.3961],[10.9553,47.4096],[10.9577,47.4097],[10.9609,47.4143],[10.9631,47.4212],[10.9628,47.428],[10.9598,47.4325],[10.9099,47.469],[10.8584,47.4852],[10.8516,47.4931],[10.8839,47.508],[10.8922,47.5149],[10.8693,47.5266],[10.8586,47.5307],[10.8448,47.5313],[10.8306,47.5286],[10.7903,47.5161],[10.7608,47.5136],[10.7522,47.5154],[10.7472,47.5202],[10.7439,47.5253],[10.7399,47.5285],[10.6079,47.5623],[10.5837,47.5625],[10.5699,47.5559],[10.5496,47.5368],[10.5369,47.5299],[10.5251,47.5285],[10.4825,47.5329],[10.4669,47.5377],[10.4588,47.5416],[10.4535,47.5462],[10.4517,47.5548],[10.4555,47.5612],[10.4603,47.566],[10.4616,47.5699],[10.4571,47.5792],[10.4536,47.5811],[10.446,47.5791],[10.4292,47.577],[10.4142,47.573],[10.4157,47.5644],[10.4244,47.5534],[10.431,47.5422],[10.4297,47.5329],[10.4196,47.493],[10.4337,47.4879],[10.4422,47.4814],[10.4476,47.4726],[10.4517,47.4602],[10.452,47.4388],[10.4429,47.4163],[10.4283,47.396],[10.4116,47.381],[10.4031,47.3771],[10.382,47.3721],[10.3716,47.3674],[10.3657,47.3611],[10.3434,47.3308],[10.3254,47.3143],[10.3059,47.3022],[10.2612,47.2835],[10.2394,47.2777],[10.175,47.2724],[10.1599,47.2711],[10.1554,47.2729],[10.1595,47.2791],[10.1687,47.2904],[10.1727,47.2923],[10.1859,47.295],[10.1908,47.2983],[10.1933,47.3049],[10.1927,47.3109],[10.1905,47.3175],[10.2086,47.3545],[10.2093,47.3725],[10.1909,47.3792],[10.147,47.3738],[10.1351,47.3649],[10.1308,47.3627],[10.1257,47.3627],[10.1153,47.367],[10.1104,47.3674],[10.0972,47.3631],[10.0896,47.3593],[10.0829,47.3591],[10.0732,47.3655],[10.0678,47.375],[10.0669,47.3858],[10.0642,47.3962],[10.0532,47.4049],[10.076,47.4169],[10.0806,47.4274],[10.0718,47.4391],[10.0226,47.488],[10.0113,47.4844],[10.0024,47.4792],[9.9936,47.4766],[9.9826,47.481],[9.9811,47.4869],[9.9808,47.4899],[9.9808,47.4929],[9.9717,47.5064],[9.9592,47.5149],[9.9487,47.5242],[9.9459,47.5408],[9.9338,47.5342],[9.9188,47.5322],[9.889,47.5338],[9.8589,47.5413],[9.8538,47.5404],[9.8415,47.535],[9.8335,47.5346],[9.8131,47.5418],[9.8093,47.5523],[9.8113,47.5645],[9.808,47.5763],[9.7963,47.585],[9.7821,47.5884],[9.7671,47.5873],[9.7527,47.5821],[9.7309,47.5649],[9.7185,47.5467],[9.704,47.5314],[9.6767,47.5226],[9.6126,47.5219],[9.5541,47.5327],[9.5499,47.5335],[9.5475,47.5345],[9.2732,47.6501],[9.2344,47.6562],[9.1969,47.6561],[9.1834,47.6704],[9.1281,47.6704],[9.0166,47.6789],[8.9977,47.6738],[8.9818,47.6622],[8.9454,47.6543],[8.9062,47.6518],[8.8817,47.6561],[8.8527,47.6708],[8.8519,47.6713],[8.8378,47.6808],[8.8377,47.6878],[8.8561,47.6907],[8.8302,47.7072],[8.7976,47.72],[8.7707,47.7209],[8.7617,47.7013],[8.7699,47.6951],[8.7171,47.6946],[8.7151,47.7011],[8.7126,47.7087],[8.7047,47.7153],[8.7004,47.7235],[8.7037,47.73],[8.7171,47.7435],[8.7198,47.7473],[8.7131,47.7574],[8.7033,47.7587],[8.6923,47.7572],[8.6819,47.7587],[8.6745,47.7667],[8.6666,47.7783],[8.657,47.7881],[8.6441,47.791],[8.635,47.7846],[8.6298,47.7628],[8.6174,47.7573],[8.6076,47.7623],[8.6041,47.7744],[8.6032,47.7873],[8.6016,47.7946],[8.5831,47.8002],[8.5582,47.8012],[8.5423,47.795],[8.5516,47.7793],[8.5365,47.7741],[8.4827,47.7669],[8.4715,47.7671],[8.4636,47.7639],[8.4501,47.7505],[8.4455,47.7432],[8.4379,47.7232],[8.4273,47.7165],[8.4019,47.7071],[8.3921,47.6995],[8.391,47.6921],[8.3952,47.6848],[8.3977,47.6763],[8.3913,47.6655],[8.407,47.6616],[8.412,47.661],[8.4376,47.6478],[8.4583,47.6399],[8.4761,47.6404],[8.4908,47.6456],[8.5047,47.6523],[8.5197,47.6574],[8.5682,47.6629],[8.5822,47.6613],[8.5936,47.6582],[8.5982,47.6569],[8.6073,47.6563],[8.6016,47.6326],[8.5951,47.6348],[8.5945,47.641],[8.5936,47.6426],[8.5892,47.6425],[8.584,47.6411],[8.5803,47.639],[8.5781,47.6335],[8.5797,47.6289],[8.5821,47.625],[8.5825,47.6216],[8.5813,47.6148],[8.5818,47.6077],[8.5806,47.6002],[8.5763,47.595],[8.5741,47.5924],[8.5607,47.5894],[8.5517,47.5969],[8.5496,47.5986],[8.5378,47.6121],[8.5224,47.6219],[8.4924,47.6198],[8.4618,47.6061],[8.4501,47.589],[8.4489,47.5843],[8.4211,47.5811],[8.4181,47.5808],[8.3541,47.581],[8.3162,47.5878],[8.3063,47.5922],[8.2993,47.6018],[8.2939,47.6115],[8.2886,47.6158],[8.277,47.6166],[8.2511,47.622],[8.233,47.622],[8.179,47.6158],[8.1738,47.6135],[8.1689,47.6086],[8.1621,47.6038],[8.1438,47.6001],[8.1221,47.5921],[8.1139,47.5878],[8.1054,47.5813],[8.1014,47.5762],[8.097,47.5719],[8.0872,47.5674],[8.0423,47.5606],[7.9122,47.5606],[7.9095,47.5648],[7.9075,47.5742],[7.9043,47.5836],[7.8982,47.5878],[7.8337,47.5905],[7.8197,47.5953],[7.8015,47.5761],[7.7855,47.5632],[7.7667,47.556],[7.7273,47.5504],[7.6834,47.5443],[7.6614,47.5462],[7.6469,47.5514],[7.6097,47.5647],[7.6123,47.5647],[7.6359,47.5646],[7.6465,47.5715],[7.6597,47.5966],[7.637,47.595],[7.586,47.5846],[7.5901,47.5948],[7.5925,47.5984],[7.5903,47.6079],[7.585,47.6132],[7.5786,47.6169],[7.5726,47.622],[7.5501,47.6524],[7.5366,47.6652],[7.5218,47.6704],[7.5179,47.675],[7.5147,47.6858],[7.5119,47.7073],[7.5154,47.7133],[7.5319,47.7252],[7.5378,47.7318],[7.5383,47.7481],[7.5259,47.7832],[7.5286,47.797],[7.5429,47.8294],[7.5485,47.8342],[7.562,47.8392],[7.5642,47.8504],[7.559,47.869],[7.5592,47.8735],[7.5584,47.876],[7.5579,47.8785],[7.559,47.8827],[7.562,47.8871],[7.5686,47.8914],[7.5726,47.8963],[7.5789,47.9063],[7.5808,47.9108],[7.5796,47.9271],[7.5849,47.9404],[7.6116,47.9594],[7.6211,47.9714],[7.6189,48.0027],[7.5757,48.0537],[7.5726,48.095],[7.5789,48.1145],[7.5857,48.1297],[7.5929,48.1387],[7.5997,48.1447],[7.6048,48.1526],[7.6067,48.167],[7.6134,48.1792],[7.6766,48.2384],[7.6872,48.2529],[7.6935,48.2699],[7.6955,48.2902],[7.7025,48.3112],[7.7186,48.32],[7.737,48.3267],[7.7507,48.3414],[7.752,48.3553],[7.7469,48.3687],[7.7404,48.3814],[7.7372,48.3935],[7.7383,48.4066],[7.7457,48.433],[7.7507,48.4444],[7.7576,48.4539],[7.7642,48.4604],[7.7692,48.4701],[7.7713,48.4891],[7.7765,48.4982],[7.7884,48.5063],[7.8135,48.5195],[7.8135,48.5263],[7.8017,48.5476],[7.8018,48.5824],[7.8103,48.615],[7.8524,48.6587],[7.8641,48.6642],[7.8806,48.6677],[7.8959,48.6765],[7.9233,48.6982],[7.9352,48.7033],[7.9484,48.7119],[7.9592,48.7214],[7.9636,48.7293],[7.9649,48.7483],[7.9701,48.7573],[7.9815,48.7598],[8.0096,48.7601],[8.0173,48.7618],[8.023,48.7651],[8.0251,48.7706],[8.0273,48.78],[8.0319,48.7853],[8.0366,48.7883],[8.0388,48.7908],[8.0475,48.791],[8.0842,48.8041],[8.0903,48.8075],[8.1027,48.8213],[8.1481,48.9037],[8.1793,48.9427],[8.1999,48.9582],[8.2003,48.9586],[8.1887,48.9657],[8.0904,48.9792],[7.9319,49.0348],[7.9138,49.0362],[7.8569,49.0323],[7.7737,49.0481],[7.7626,49.0462],[7.7391,49.0377],[7.7269,49.0357],[7.7173,49.0366],[7.6962,49.0416],[7.6851,49.0428],[7.6725,49.041],[7.6608,49.0377],[7.6488,49.0357],[7.6449,49.0363],[7.635,49.0378],[7.6257,49.043],[7.6159,49.056],[7.6086,49.062],[7.5864,49.0696],[7.5427,49.0746],[7.5209,49.0837],[7.5077,49.0946],[7.4851,49.1187],[7.471,49.1283],[7.4728,49.1316],[7.4753,49.1339],[7.4827,49.1371],[7.4761,49.1515],[7.458,49.1559],[7.4148,49.1578],[7.4105,49.1689],[7.3911,49.17],[7.3716,49.1662],[7.3676,49.1654],[7.351,49.1592],[7.3463,49.1542],[7.3391,49.1397],[7.334,49.1342],[7.3265,49.1318],[7.306,49.1301],[7.2971,49.1281],[7.2908,49.1231],[7.2803,49.109],[7.2744,49.105],[7.2681,49.1056],[7.2412,49.1139],[7.155,49.1144],[7.1393,49.1179],[7.1236,49.1233],[7.0853,49.1415],[7.0799,49.142],[7.0708,49.1361],[7.0716,49.1306],[7.0748,49.1254],[7.0732,49.1203],[7.0425,49.1076],[7.0205,49.119],[7.009,49.1464],[7.0095,49.1817],[6.9879,49.1824],[6.9254,49.2056],[6.9144,49.2067],[6.8852,49.2048],[6.8435,49.2111],[6.8335,49.2095],[6.8277,49.1956],[6.8352,49.1794],[6.839,49.1628],[6.8218,49.1478],[6.8091,49.1458],[6.7701,49.1553],[6.7256,49.1556],[6.7138,49.1589],[6.701,49.1729],[6.7038,49.1851],[6.7088,49.1978],[6.7025,49.2136],[6.6985,49.2136],[6.685,49.2078],[6.6806,49.2075],[6.6779,49.2111],[6.676,49.2189],[6.6748,49.2211],[6.6716,49.2253],[6.6638,49.2439],[6.6595,49.2468],[6.6457,49.25],[6.6403,49.2528],[6.6392,49.2568],[6.6412,49.2669],[6.6397,49.2712],[6.5732,49.3131],[6.5564,49.3264],[6.5501,49.338],[6.5556,49.3472],[6.5734,49.3477],[6.5777,49.3558],[6.5743,49.3618],[6.5257,49.3955],[6.5188,49.4022],[6.5208,49.4026],[6.5206,49.4081],[6.5179,49.4164],[6.5117,49.4247],[6.4945,49.4355],[6.4027,49.4655],[6.3917,49.4667],[6.3835,49.4646],[6.3645,49.4561],[6.3539,49.4548],[6.3453,49.4553],[6.3454,49.4627],[6.3423,49.493],[6.3488,49.5253],[6.3508,49.5349],[6.3508,49.5666],[6.3564,49.5776],[6.3715,49.593],[6.3976,49.6139],[6.4077,49.6274],[6.4152,49.6346],[6.4179,49.6391],[6.417,49.6458],[6.4109,49.6496],[6.4045,49.6525],[6.4027,49.6558],[6.4182,49.6699],[6.4917,49.7008],[6.4898,49.703],[6.4829,49.7081],[6.4864,49.7129],[6.491,49.7144],[6.4997,49.7122],[6.4926,49.7184],[6.4878,49.7256],[6.4855,49.7338],[6.4863,49.7427],[6.496,49.7482],[6.4964,49.7521],[6.4937,49.7566],[6.4938,49.7636],[6.4985,49.7854],[6.5,49.7861],[6.5001,49.7945],[6.5023,49.7959],[6.5026,49.7957],[6.4972,49.7994],[6.4933,49.7996],[6.4625,49.8055],[6.4145,49.8055],[6.3971,49.8086],[6.3801,49.8156],[6.3514,49.8333],[6.3344,49.8402],[6.3256,49.8404],[6.3107,49.8345],[6.3026,49.8349],[6.3016,49.8383],[6.2956,49.8486],[6.2915,49.8556],[6.2868,49.861],[6.2722,49.8671],[6.2383,49.8769],[6.2227,49.8871],[6.1898,49.9383],[6.1727,49.9562],[6.1619,49.9425],[6.154,49.9512],[6.1388,49.9793],[6.1215,49.9963],[6.1172,50.0044],[6.12,50.0155],[6.1138,50.0364],[6.1073,50.0446],[6.0964,50.0486],[6.1057,50.0603],[6.1094,50.0636],[6.1072,50.0638],[6.1012,50.0634],[6.0994,50.0641],[6.1057,50.0922],[6.1106,50.106],[6.1175,50.1205],[6.1266,50.1273],[6.1295,50.134],[6.126,50.1402],[6.1158,50.1455],[6.118,50.1504],[6.1213,50.1616],[6.1232,50.1649],[6.1317,50.1683],[6.1517,50.1693],[6.1591,50.1724],[6.1651,50.1819],[6.1658,50.1932],[6.1602,50.2045],[6.1468,50.214],[6.1572,50.2227],[6.1798,50.233],[6.1896,50.2427],[6.2104,50.249],[6.2534,50.2568],[6.2718,50.2674],[6.2673,50.2764],[6.2694,50.2865],[6.276,50.2961],[6.286,50.3039],[6.2995,50.3089],[6.3107,50.3082],[6.322,50.3054],[6.3355,50.3039],[6.362,50.307],[6.3745,50.3155],[6.3734,50.3231],[6.3725,50.3294],[6.3377,50.3681],[6.3364,50.3799],[6.3433,50.3933],[6.3504,50.4169],[6.3512,50.4336],[6.3473,50.437],[6.3402,50.4379],[6.3316,50.4469],[6.3262,50.457],[6.3233,50.466],[6.3257,50.474],[6.3369,50.481],[6.3187,50.4817],[6.2754,50.488],[6.2601,50.4927],[6.2578,50.4941],[6.2556,50.4946],[6.2531,50.4941],[6.2509,50.4927],[6.2171,50.486],[6.2072,50.4863],[6.1992,50.4904],[6.1907,50.5018],[6.1826,50.5066],[6.1906,50.5152],[6.1789,50.5158],[6.1708,50.518],[6.1695,50.5225],[6.1773,50.5302],[6.1607,50.5436],[6.1791,50.562],[6.2106,50.5787],[6.2329,50.5871],[6.2329,50.5908],[6.2443,50.5995],[6.2513,50.6084],[6.2491,50.6144],[6.18,50.6155],[6.1594,50.6224],[6.1478,50.6368],[6.1611,50.6422],[6.1002,50.7013],[6.081,50.7135],[6.0644,50.7145],[6.0248,50.7076],[6.0115,50.7085],[6.0076,50.7169],[6.0113,50.7274],[6.0108,50.7371],[5.9942,50.7426],[5.9927,50.7444],[5.9926,50.7463],[5.9933,50.7481],[5.9949,50.7499],[5.9971,50.7629],[5.9906,50.769],[5.9806,50.7734],[5.973,50.7818],[5.9688,50.7946],[5.984,50.7922],[5.9983,50.8007],[6.0036,50.8126],[6.0014,50.8218],[6.0005,50.8304],[6.0093,50.8405],[6.023,50.8454],[6.0456,50.8442],[6.0567,50.8527],[6.0628,50.8629],[6.0631,50.8709],[6.0546,50.8915],[6.0565,50.8981],[6.0618,50.9035],[6.0637,50.9075],[6.0311,50.9147],[6.0075,50.9241],[5.9999,50.9294],[5.9973,50.9374],[5.9958,50.9518],[5.9997,50.9601],[6.0058,50.9685],[6.0037,50.9737],[5.9678,50.971],[5.9416,50.9765],[5.9277,50.9777],[5.9142,50.9752],[5.8883,50.9671],[5.8746,50.9654],[5.8736,50.9906],[5.8582,51.0193],[5.8525,51.0428],[5.8805,51.0521],[5.8943,51.0471],[5.9062,51.0374],[5.9196,51.0297],[5.938,51.0309],[5.9503,51.0395],[5.9695,51.0649],[5.9829,51.0747],[6.0754,51.1204],[6.1324,51.1398],[6.1473,51.1523],[6.1263,51.1646],[6.1491,51.1763],[6.1571,51.1793],[6.1341,51.1842],[6.0843,51.1627],[6.0608,51.1709],[6.0537,51.1894],[6.0566,51.2117],[6.0652,51.2316],[6.0754,51.2427],[6.0965,51.2588],[6.1478,51.3182],[6.1582,51.3246],[6.1836,51.3357],[6.1936,51.3445],[6.1989,51.357],[6.202,51.3789],[6.2078,51.3877],[6.1927,51.399],[6.1941,51.4174],[6.2017,51.4386],[6.2053,51.4584],[6.2005,51.4766],[6.1933,51.5093],[6.153,51.5384],[6.0865,51.5955],[6.0821,51.6078],[6.0875,51.6221],[6.0992,51.6445],[6.0315,51.663],[6.0086,51.6812],[6.022,51.7095],[6.0121,51.7159],[5.9897,51.7264],[5.9783,51.7298],[5.9492,51.7294],[5.9393,51.7319],[5.9401,51.7426],[5.9461,51.7463],[5.9624,51.7564],[5.9641,51.7766],[5.9508,51.7959],[5.928,51.8067],[5.9315,51.8156],[5.9481,51.823],[5.9889,51.8275],[6.0082,51.8326],[6.0289,51.8421],[6.0433,51.8469],[6.084,51.8537],[6.1165,51.8483],[6.14,51.8445],[6.1561,51.8421],[6.1427,51.8552],[6.1054,51.8795],[6.093,51.8853],[6.127,51.8967],[6.1592,51.8873],[6.1914,51.8712],[6.2252,51.8625],[6.2564,51.8668],[6.2647,51.8662],[6.2718,51.8619],[6.2829,51.8496],[6.2874,51.8462],[6.3257,51.8425],[6.342,51.8367],[6.345,51.8211],[6.3825,51.8276],[6.3866,51.8376],[6.3785,51.8601],[6.4425,51.8484],[6.4629,51.8484],[6.4794,51.853],[6.5286,51.8764],[6.6282,51.8975],[6.7167,51.8993],[6.7438,51.9083],[6.767,51.9255],[6.7898,51.9511],[6.798,51.9567],[6.8057,51.9575],[6.8107,51.9606],[6.8117,51.9728],[6.8092,51.9795],[6.804,51.9844],[6.7782,52.0013],[6.7129,52.0239],[6.6909,52.0279],[6.675,52.0348],[6.673,52.0501],[6.6799,52.0605],[6.6889,52.0631],[6.6994,52.0636],[6.7114,52.0673],[6.7195,52.0736],[6.7276,52.0863],[6.7329,52.092],[6.7499,52.1029],[6.7659,52.1084],[6.7716,52.1088],[6.8307,52.1129],[6.8433,52.12],[6.8654,52.1478],[6.8848,52.1603],[6.9277,52.1719],[6.9477,52.1828],[6.9711,52.2063],[6.9819,52.214],[7.0263,52.2306],[7.0291,52.2358],[7.0266,52.2386],[7.0207,52.2453],[7.0119,52.2666],[7.0125,52.2849],[7.0197,52.3],[7.0398,52.3286],[7.0482,52.3651],[7.0342,52.3908],[6.9733,52.4514],[6.967,52.4496],[6.9608,52.4428],[6.9515,52.4375],[6.9265,52.433],[6.9002,52.4319],[6.872,52.4347],[6.8203,52.4468],[6.7412,52.4537],[6.7148,52.4616],[6.6951,52.4756],[6.689,52.4905],[6.6875,52.5081],[6.684,52.526],[6.6717,52.5417],[6.6883,52.5426],[6.7438,52.5597],[6.711,52.5766],[6.704,52.5831],[6.7037,52.5914],[6.7082,52.5997],[6.7102,52.6086],[6.7018,52.6191],[6.7191,52.6268],[6.737,52.6347],[6.7705,52.641],[6.8654,52.642],[6.9184,52.6322],[6.9677,52.6367],[6.9828,52.6328],[7.0185,52.626],[7.0367,52.6474],[7.044,52.6826],[7.0533,52.7906],[7.062,52.824],[7.0722,52.8413],[7.0799,52.8544],[7.1619,52.9326],[7.1836,52.9661],[7.1928,52.998],[7.1944,53.0338],[7.1851,53.1054],[7.1813,53.1142],[7.1765,53.1194],[7.1727,53.1258],[7.1719,53.1377],[7.1744,53.1458],[7.1886,53.1678],[7.1954,53.185],[7.1985,53.2006],[7.1975,53.2166],[7.1946,53.245],[7.2044,53.2483],[7.2158,53.2556],[7.2246,53.2629],[7.2336,53.2736],[7.237,53.2855],[7.2295,53.2966],[7.2547,53.3195],[7.2683,53.3237],[7.2915,53.3239],[7.3132,53.3205],[7.3477,53.3074],[7.3665,53.3028],[7.3425,53.324],[7.3029,53.3327],[7.0752,53.3376],[7.0383,53.3486],[7.0236,53.3764],[7.0233,53.4505],[7.0277,53.4674],[7.047,53.4977],[7.0514,53.5126],[7.0597,53.5217],[7.0794,53.5216],[7.1196,53.5163],[7.125,53.5244],[7.1345,53.5274],[7.1418,53.5372],[7.14,53.5498],[7.1311,53.557],[7.1019,53.5657],[7.0889,53.5737],[7.0868,53.5869],[7.1009,53.5979],[7.1331,53.6113],[7.1694,53.6355],[7.189,53.6435],[7.2261,53.6665],[7.305,53.6848],[7.4588,53.6951],[7.4696,53.6907],[7.4802,53.682],[7.5039,53.6787],[7.6514,53.697],[7.9514,53.7219],[8.0314,53.7081],[8.0314,53.7006],[8.0249,53.6726],[8.0529,53.6363],[8.0941,53.6047],[8.1276,53.5908],[8.1276,53.5846],[8.1192,53.5719],[8.1346,53.5675],[8.1567,53.5637],[8.168,53.5532],[8.1649,53.5352],[8.1554,53.526],[8.1338,53.5163],[8.1157,53.5107],[8.0763,53.5086],[8.0588,53.502],[8.077,53.4687],[8.0862,53.4561],[8.0998,53.4474],[8.1125,53.4511],[8.1239,53.454],[8.1406,53.4536],[8.1524,53.4498],[8.1714,53.4366],[8.1786,53.4337],[8.1867,53.4295],[8.1948,53.4201],[8.2053,53.4107],[8.2197,53.4064],[8.2365,53.4067],[8.2487,53.4084],[8.2595,53.4123],[8.2717,53.4195],[8.2928,53.4405],[8.3151,53.4749],[8.3205,53.5092],[8.2915,53.5294],[8.2522,53.5231],[8.2312,53.5252],[8.2332,53.5399],[8.2417,53.5563],[8.2489,53.5903],[8.2573,53.6044],[8.2707,53.6129],[8.2876,53.6169],[8.3294,53.6181],[8.3485,53.6129],[8.3633,53.6006],[8.3755,53.5869],[8.3877,53.5771],[8.4281,53.5648],[8.5134,53.5548],[8.5521,53.5436],[8.5521,53.5362],[8.5282,53.5239],[8.5062,53.508],[8.49,53.4864],[8.4839,53.4573],[8.485,53.4012],[8.4909,53.3765],[8.5044,53.3581],[8.5073,53.3828],[8.4968,53.4453],[8.4976,53.4748],[8.5129,53.4965],[8.5358,53.5062],[8.5567,53.5182],[8.5658,53.5467],[8.5608,53.5517],[8.5352,53.5908],[8.5275,53.5966],[8.5171,53.6102],[8.5083,53.6251],[8.5012,53.6442],[8.4871,53.6669],[8.4839,53.6836],[8.4861,53.7004],[8.4922,53.7152],[8.5296,53.7707],[8.5562,53.831],[8.5733,53.8577],[8.5876,53.8704],[8.6071,53.8815],[8.6292,53.8894],[8.6519,53.8925],[8.6727,53.8916],[8.6846,53.8885],[8.7092,53.872],[8.7446,53.8542],[8.7825,53.8425],[8.8607,53.831],[8.9036,53.8317],[8.9762,53.8424],[9.0163,53.8405],[9.035,53.8536],[9.1145,53.8651],[9.1936,53.8647],[9.2107,53.872],[9.2243,53.8659],[9.2407,53.8642],[9.2747,53.8651],[9.2834,53.8616],[9.3053,53.8445],[9.4027,53.7424],[9.4429,53.7143],[9.471,53.7006],[9.4847,53.6901],[9.4984,53.6599],[9.5671,53.5996],[9.5824,53.5913],[9.6009,53.5863],[9.6248,53.5846],[9.6372,53.581],[9.6966,53.5566],[9.764,53.5477],[9.819,53.5404],[9.832,53.5436],[9.8196,53.5566],[9.7821,53.5697],[9.6924,53.5759],[9.6558,53.5846],[9.5837,53.6125],[9.5508,53.6346],[9.5391,53.6665],[9.5361,53.6938],[9.5322,53.7112],[9.5222,53.7166],[9.4753,53.7322],[9.4602,53.7354],[9.4358,53.7487],[9.4124,53.7788],[9.3967,53.811],[9.3952,53.831],[9.3587,53.8395],[9.2956,53.8719],[9.2578,53.8856],[9.2205,53.8908],[9.0934,53.8925],[9.0554,53.9029],[9.03,53.9071],[9.0183,53.9027],[9.0078,53.8925],[8.9846,53.897],[8.9495,53.9129],[8.916,53.9374],[8.8333,54.0364],[8.8718,54.0469],[8.8906,54.0478],[8.9146,54.0439],[8.9539,54.0283],[8.9754,54.0241],[8.9972,54.0302],[9.0049,54.0412],[9.013,54.061],[9.0186,54.0824],[9.0183,54.0979],[9.0067,54.1081],[8.9881,54.1179],[8.9745,54.1281],[8.9773,54.1395],[8.9773,54.1457],[8.9529,54.1501],[8.918,54.1463],[8.8854,54.137],[8.8674,54.1252],[8.8607,54.1252],[8.8333,54.1531],[8.8157,54.1756],[8.8128,54.1805],[8.821,54.2005],[8.8363,54.2178],[8.8467,54.2335],[8.8396,54.2487],[8.8396,54.2556],[8.8519,54.2611],[8.8942,54.2682],[8.9115,54.2692],[8.922,54.2742],[8.9375,54.2867],[8.9531,54.3026],[8.9631,54.3176],[8.9403,54.315],[8.9026,54.2958],[8.8811,54.2903],[8.8831,54.2936],[8.8859,54.3007],[8.888,54.3039],[8.8576,54.3018],[8.8054,54.2924],[8.7747,54.2903],[8.7389,54.2939],[8.7235,54.2903],[8.6902,54.2715],[8.6785,54.2692],[8.6519,54.2748],[8.6234,54.2901],[8.6027,54.3121],[8.5999,54.3381],[8.614,54.3484],[8.6414,54.3557],[8.672,54.3593],[8.6956,54.3586],[8.6956,54.3654],[8.6776,54.3679],[8.6638,54.3756],[8.6506,54.378],[8.6348,54.3654],[8.6262,54.3764],[8.6292,54.3877],[8.6384,54.3981],[8.6484,54.4064],[8.6698,54.4008],[8.7508,54.4138],[8.8607,54.4138],[8.8861,54.4178],[8.9072,54.4255],[8.9495,54.4473],[8.988,54.4584],[9.0047,54.4659],[9.0115,54.4821],[9.0116,54.5063],[8.9861,54.5293],[8.9045,54.5806],[8.8928,54.5913],[8.888,54.6019],[8.8788,54.6065],[8.8582,54.6061],[8.8371,54.6027],[8.8259,54.5981],[8.819,54.6056],[8.8533,54.6193],[8.8184,54.6737],[8.8054,54.6876],[8.7767,54.698],[8.7227,54.7255],[8.6887,54.7353],[8.6887,54.7422],[8.6943,54.7602],[8.6813,54.7806],[8.6619,54.8006],[8.6484,54.8179],[8.6428,54.8442],[8.6472,54.8674],[8.6608,54.8963],[8.6959,54.89],[8.7328,54.8891],[8.8009,54.9038],[8.8242,54.9059],[8.9041,54.8979],[8.9827,54.8793],[9.1948,54.8504],[9.2115,54.8418],[9.2161,54.8317],[9.2191,54.8178],[9.2264,54.8059],[9.2441,54.8018],[9.317,54.8016],[9.332,54.8032],[9.3417,54.8091],[9.356,54.8113],[9.367,54.817],[9.385,54.8194],[9.4052,54.8084],[9.4221,54.8073],[9.4369,54.8101],[9.4375,54.8104],[9.4514,54.8104],[9.511,54.8278],[9.53,54.8415],[9.5544,54.8471],[9.5669,54.8602],[9.5799,54.8663],[9.5832,54.8303],[9.6316,54.8199],[9.693,54.818],[9.7346,54.8073],[9.7521,54.7996],[9.7781,54.7932],[9.8018,54.7834],[9.8122,54.7661],[9.8237,54.7567],[9.8499,54.7593],[9.8954,54.7695],[9.8914,54.7903],[9.9151,54.7912],[9.9475,54.7795],[9.9705,54.7626],[9.9841,54.7285],[9.9905,54.7205],[9.9995,54.713],[10.0182,54.7012],[10.0054,54.6955],[9.9922,54.6965],[9.9798,54.6998],[9.9705,54.7012],[9.971,54.699],[9.9463,54.6876],[9.9431,54.6876],[9.9367,54.685],[9.9324,54.6852],[9.9299,54.6831],[9.9295,54.6739],[9.9441,54.6733],[9.9702,54.6779],[9.9963,54.6788],[10.0114,54.6671],[10.0221,54.6724],[10.0335,54.6729],[10.0391,54.6668],[10.0319,54.6528],[10.037,54.6389],[10.0376,54.6191],[10.0319,54.5777],[10.0269,54.56],[10.02,54.5458],[10.0104,54.5343],[9.9978,54.5237],[9.9656,54.5062],[9.9253,54.4931],[9.882,54.4848],[9.8401,54.4821],[9.8401,54.4753],[9.8833,54.4621],[10.1247,54.4958],[10.1434,54.4918],[10.2039,54.461],[10.1839,54.4494],[10.1838,54.4384],[10.1917,54.4262],[10.197,54.4101],[10.1913,54.3967],[10.1771,54.3843],[10.159,54.3753],[10.1418,54.3723],[10.1444,54.37],[10.1478,54.3683],[10.1483,54.3652],[10.1418,54.3586],[10.1525,54.3518],[10.1555,54.3434],[10.1516,54.334],[10.1418,54.3244],[10.1637,54.3292],[10.1803,54.3411],[10.2039,54.3723],[10.2171,54.4054],[10.2244,54.4138],[10.2344,54.4177],[10.2721,54.4201],[10.2858,54.4248],[10.2925,54.4302],[10.2976,54.4357],[10.3069,54.4411],[10.3184,54.4433],[10.3608,54.4411],[10.3828,54.4348],[10.4434,54.4064],[10.6011,54.3654],[10.6902,54.3162],[10.7313,54.3102],[10.7771,54.3151],[10.8108,54.3274],[10.8679,54.3586],[10.9009,54.371],[10.9353,54.3795],[11.0188,54.3859],[11.0188,54.3791],[11.0008,54.3786],[10.9758,54.3784],[10.9932,54.3738],[11.0105,54.3772],[11.0339,54.3676],[11.1042,54.3929],[11.1355,54.3859],[11.0984,54.3615],[11.0877,54.3518],[11.0818,54.3546],[11.0666,54.3586],[11.0774,54.3422],[11.0866,54.3024],[11.0945,54.2835],[11.0871,54.2709],[11.0877,54.2539],[11.0945,54.2251],[11.0902,54.208],[11.0806,54.1989],[11.071,54.1926],[11.0666,54.1839],[10.9505,54.1395],[10.9103,54.1092],[10.8928,54.1025],[10.8524,54.0943],[10.8446,54.0945],[10.8361,54.09],[10.8294,54.0928],[10.8223,54.0974],[10.8133,54.0979],[10.8054,54.0949],[10.8014,54.0922],[10.7629,54.0568],[10.7526,54.0501],[10.7526,54.0439],[10.7659,54.0244],[10.7804,54.01],[10.7997,54.0006],[10.8269,53.9954],[10.8656,53.9978],[10.8755,53.9954],[10.8826,53.9851],[10.8836,53.9731],[10.8874,53.9639],[10.9021,53.9614],[10.906,53.9612],[10.9177,53.9608],[10.9226,53.9614],[10.9354,53.9673],[10.9647,53.9854],[10.9812,53.9892],[11.0003,53.9916],[11.0535,54.0085],[11.1751,54.018],[11.1838,54.016],[11.1908,54.0103],[11.1973,53.9962],[11.2044,53.9892],[11.2399,53.9835],[11.2454,53.9784],[11.2407,53.9556],[11.2429,53.9452],[11.2556,53.9409],[11.2854,53.9397],[11.2937,53.9409],[11.3342,53.9614],[11.3418,53.9583],[11.3521,53.9442],[11.3582,53.9409],[11.3999,53.9409],[11.4004,53.9377],[11.4387,53.9091],[11.4463,53.9062],[11.4577,53.9062],[11.459,53.9167],[11.4691,53.9328],[11.4768,53.9527],[11.4724,53.9688],[11.4798,53.9761],[11.4895,53.9806],[11.4979,53.9818],[11.4959,53.9863],[11.4935,53.9976],[11.4917,54.0023],[11.5259,54.0228],[11.5259,54.0302],[11.5191,54.0302],[11.5191,54.0364],[11.5446,54.0302],[11.5532,54.0302],[11.5735,54.039],[11.5913,54.0656],[11.6047,54.0712],[11.6128,54.0729],[11.6194,54.0773],[11.6245,54.0836],[11.6289,54.0911],[11.6296,54.096],[11.6221,54.0996],[11.6221,54.1047],[11.6253,54.1098],[11.6294,54.1132],[11.6331,54.1159],[11.6579,54.1422],[11.6897,54.1552],[11.7288,54.1585],[11.8123,54.1498],[12.0506,54.1799],[12.0881,54.1941],[12.0933,54.1654],[12.0895,54.1376],[12.0916,54.114],[12.115,54.0979],[12.1053,54.11],[12.1004,54.136],[12.0951,54.1457],[12.1055,54.1574],[12.1343,54.167],[12.1428,54.1805],[12.1316,54.1811],[12.1209,54.18],[12.1106,54.1774],[12.1013,54.1737],[12.1089,54.183],[12.1428,54.2092],[12.1631,54.2199],[12.1869,54.2434],[12.2009,54.2487],[12.214,54.251],[12.2894,54.2751],[12.3273,54.2938],[12.3421,54.3039],[12.3782,54.3449],[12.4383,54.3958],[12.4448,54.4055],[12.4861,54.4473],[12.502,54.4736],[12.5134,54.4822],[12.5339,54.4883],[12.5339,54.4821],[12.527,54.4821],[12.5483,54.4621],[12.5915,54.4517],[12.8191,54.4517],[12.8566,54.4411],[12.8796,54.4488],[12.9084,54.4446],[12.9212,54.4335],[12.8963,54.4201],[12.8708,54.4168],[12.7637,54.4222],[12.721,54.4316],[12.6946,54.4337],[12.6868,54.4316],[12.6761,54.4226],[12.6704,54.4201],[12.6501,54.4201],[12.6242,54.4229],[12.6145,54.4197],[12.6084,54.4064],[12.6022,54.4138],[12.5969,54.4119],[12.5881,54.4075],[12.5817,54.4064],[12.5835,54.3979],[12.5877,54.394],[12.594,54.3928],[12.6022,54.3921],[12.5986,54.3915],[12.5959,54.3915],[12.5944,54.3902],[12.5947,54.3859],[12.5755,54.392],[12.554,54.3908],[12.536,54.3837],[12.527,54.3723],[12.5108,54.3843],[12.491,54.3901],[12.4548,54.3921],[12.4385,54.3875],[12.425,54.3759],[12.4185,54.3607],[12.424,54.3449],[12.4097,54.3466],[12.4038,54.3481],[12.3967,54.3518],[12.3899,54.3449],[12.3965,54.333],[12.3916,54.3211],[12.3791,54.3124],[12.3626,54.3102],[12.3696,54.2966],[12.3779,54.2859],[12.3801,54.2771],[12.3688,54.2692],[12.4124,54.2514],[12.4368,54.2477],[12.4582,54.2556],[12.4426,54.2552],[12.4308,54.2586],[12.4103,54.2692],[12.4168,54.281],[12.4263,54.2896],[12.4514,54.3039],[12.4573,54.3063],[12.4683,54.3083],[12.4724,54.3102],[12.4756,54.3151],[12.4766,54.3278],[12.4787,54.3319],[12.4956,54.3403],[12.5606,54.3586],[12.547,54.3645],[12.5408,54.3654],[12.5408,54.3723],[12.5593,54.3763],[12.5661,54.3759],[12.5742,54.3723],[12.5742,54.3791],[12.5929,54.3693],[12.6227,54.3739],[12.6773,54.3921],[12.6751,54.3954],[12.6724,54.403],[12.6704,54.4064],[12.6808,54.4109],[12.6926,54.4136],[12.7048,54.4146],[12.7175,54.4138],[12.7175,54.4064],[12.7025,54.4041],[12.6924,54.3962],[12.6865,54.3848],[12.6841,54.3723],[12.6966,54.385],[12.7012,54.3917],[12.7046,54.3996],[12.7136,54.3901],[12.7238,54.3813],[12.735,54.3782],[12.7461,54.3859],[12.7578,54.3798],[12.7686,54.3801],[12.7783,54.3848],[12.7871,54.3921],[12.7899,54.3843],[12.7947,54.3771],[12.801,54.3708],[12.818,54.358],[12.8218,54.3561],[12.8254,54.3572],[12.8355,54.3586],[12.8547,54.3579],[12.8648,54.3596],[12.876,54.3654],[12.8845,54.3735],[12.8949,54.3897],[12.9038,54.3996],[12.9294,54.4144],[12.9691,54.4294],[13.0088,54.4381],[13.0342,54.4337],[13.0215,54.4265],[13.021,54.4145],[13.0286,54.4018],[13.0404,54.3921],[13.0837,54.379],[13.0956,54.3723],[13.0767,54.3525],[13.0807,54.3371],[13.1092,54.3102],[13.1121,54.2993],[13.1121,54.2885],[13.1149,54.28],[13.126,54.2766],[13.1707,54.2766],[13.1707,54.2692],[13.1613,54.269],[13.1546,54.2673],[13.1434,54.263],[13.1761,54.2648],[13.2284,54.2474],[13.2632,54.2425],[13.2888,54.2343],[13.3218,54.1945],[13.3489,54.1805],[13.3333,54.174],[13.3215,54.1668],[13.3465,54.1669],[13.3838,54.1781],[13.4035,54.1737],[13.3957,54.1619],[13.3909,54.1573],[13.383,54.1531],[13.3948,54.1489],[13.4021,54.1513],[13.4087,54.1546],[13.4177,54.1531],[13.4232,54.1481],[13.4377,54.1252],[13.4504,54.1104],[13.4651,54.0985],[13.4836,54.0913],[13.5071,54.0911],[13.5071,54.0979],[13.4989,54.1025],[13.4875,54.1139],[13.4793,54.1184],[13.4793,54.1252],[13.6027,54.1395],[13.6323,54.1475],[13.6834,54.168],[13.7119,54.1737],[13.7165,54.1684],[13.7147,54.164],[13.7083,54.1609],[13.6983,54.1593],[13.6983,54.1531],[13.7288,54.1439],[13.8081,54.1047],[13.8081,54.0979],[13.7937,54.0832],[13.7855,54.0639],[13.7732,54.0463],[13.7461,54.0364],[13.7581,54.031],[13.7871,54.0091],[13.7976,53.9989],[13.8035,53.9963],[13.8318,53.9892],[13.8386,53.9863],[13.8431,53.9796],[13.8462,53.9722],[13.8491,53.9676],[13.8503,53.964],[13.849,53.9595],[13.8486,53.9556],[13.8526,53.9538],[13.8669,53.9547],[13.8701,53.9538],[13.8755,53.9512],[13.8816,53.949],[13.888,53.9476],[13.8936,53.9471],[13.906,53.9431],[13.9076,53.9335],[13.9014,53.9223],[13.8901,53.9129],[13.8185,53.878],[13.8081,53.8651],[13.8171,53.8529],[13.8358,53.8475],[13.8543,53.8449],[13.8628,53.8413],[13.8692,53.8303],[13.8838,53.8177],[13.8999,53.8091],[13.9107,53.8105],[13.9842,53.774],[14.0173,53.7695],[14.0335,53.7575],[14.0374,53.7553],[14.0615,53.7564],[14.0689,53.7553],[14.094,53.7463],[14.1061,53.7434],[14.1865,53.7398],[14.2147,53.7449],[14.2266,53.7587],[14.2341,53.7618],[14.2502,53.76],[14.2645,53.7516],[14.2674,53.7354],[14.2595,53.728],[14.2127,53.7081],[14.2254,53.7038],[14.24,53.7008],[14.2562,53.6994],[14.2639,53.7],[14.2639,53.6999],[14.2651,53.6718],[14.261,53.6562],[14.2761,53.6366],[14.297,53.5978],[14.2989,53.5879],[14.2962,53.5513],[14.2969,53.5291],[14.3042,53.5085],[14.3285,53.4861],[14.3389,53.4652],[14.3599,53.4441],[14.3703,53.3923],[14.3913,53.334],[14.398,53.3152],[14.3996,53.3067],[14.4002,53.2886],[14.4033,53.2788],[14.4094,53.2724],[14.4247,53.2647],[14.4286,53.2591],[14.4416,53.2518],[14.4156,53.221],[14.4082,53.2144],[14.3977,53.211],[14.3878,53.2021],[14.3807,53.1899],[14.3779,53.1765],[14.3815,53.1603],[14.3875,53.1461],[14.3895,53.1317],[14.3596,53.0751],[14.3568,53.0667],[14.3433,53.0486],[14.3126,53.0292],[14.2537,53.0009],[14.1929,52.9817],[14.1445,52.9599],[14.1445,52.9537],[14.1505,52.9436],[14.1627,52.9082],[14.165,52.8957],[14.1608,52.8767],[14.1505,52.8646],[14.1239,52.8507],[14.1354,52.8366],[14.1528,52.8283],[14.1737,52.8243],[14.196,52.8234],[14.216,52.818],[14.2487,52.7946],[14.276,52.7857],[14.3822,52.7382],[14.3977,52.7271],[14.4319,52.6861],[14.4424,52.68],[14.4614,52.6746],[14.4901,52.6506],[14.5499,52.6362],[14.608,52.5965],[14.6137,52.5925],[14.6448,52.5769],[14.6168,52.541],[14.6091,52.5178],[14.6277,52.5074],[14.6323,52.4967],[14.6158,52.4733],[14.5916,52.4498],[14.5398,52.4219],[14.5454,52.3822],[14.5692,52.3385],[14.5901,52.3094],[14.5842,52.2912],[14.6066,52.2758],[14.6405,52.2651],[14.6689,52.261],[14.6969,52.2535],[14.7124,52.2359],[14.7121,52.2154],[14.6926,52.1996],[14.6926,52.1934],[14.707,52.1795],[14.7032,52.1652],[14.6925,52.147],[14.6864,52.121],[14.6964,52.1067],[14.7614,52.0767],[14.743,52.0625],[14.7354,52.054],[14.7322,52.0451],[14.7303,52.0359],[14.7261,52.0264],[14.7045,52.0022],[14.6991,51.9925],[14.6956,51.9315],[14.6871,51.9119],[14.6717,51.8939],[14.6533,51.8786],[14.5959,51.8424],[14.5828,51.8251],[14.5858,51.8039],[14.6022,51.7883],[14.6203,51.7805],[14.6342,51.769],[14.6381,51.7426],[14.6484,51.7172],[14.671,51.7008],[14.7195,51.6756],[14.7325,51.6583],[14.7423,51.633],[14.7439,51.6066],[14.7322,51.5866],[14.7127,51.5674],[14.7046,51.548],[14.7068,51.5408],[14.71,51.5302],[14.7322,51.5158],[14.7975,51.5021],[14.8186,51.4927],[14.8186,51.4926],[14.8414,51.4844],[14.8883,51.4757],[14.911,51.469],[14.9266,51.4613],[14.9451,51.4492],[14.9554,51.4354],[14.9469,51.4229],[14.9506,51.3965],[14.9566,51.3542],[14.9566,51.3532],[14.961,51.3353],[14.9638,51.3284],[14.9823,51.308],[15.0049,51.2913],[15.0195,51.2717],[15.0143,51.2427],[15.0179,51.2396],[15.0221,51.2368],[15.0049,51.2156],[14.9914,51.189],[14.9832,51.1609],[14.9821,51.1356],[14.98,51.1228],[14.9734,51.1161],[14.9656,51.1115],[14.9603,51.1046],[14.9585,51.0947],[14.9583,51.0755],[14.9553,51.064],[14.9106,50.9927],[14.8602,50.9168],[14.8247,50.8918],[14.8105,50.8771],[14.8104,50.8584],[14.7946,50.8316],[14.7851,50.8201],[14.7754,50.813],[14.7592,50.8102],[14.7375,50.8107],[14.7004,50.816],[14.6622,50.8344],[14.6479,50.8394],[14.6132,50.8456],[14.6083,50.8531],[14.6119,50.871],[14.6288,50.8961],[14.6346,50.9094],[14.6292,50.9207],[14.6171,50.9209],[14.5618,50.9064],[14.5504,50.9121],[14.5558,50.9243],[14.5678,50.9386],[14.5756,50.9507],[14.5774,50.9657],[14.5743,50.9755],[14.5667,50.9834],[14.5546,50.9927],[14.5423,50.9987],[14.5153,51.003],[14.5029,51.0085],[14.4935,51.0167],[14.4901,51.0227],[14.4879,51.0287],[14.4821,51.0372],[14.4735,51.0234],[14.4621,51.0197],[14.4258,51.0209],[14.3978,51.0131],[14.3867,51.0133],[14.3759,51.017],[14.3694,51.0224],[14.3641,51.028],[14.3566,51.0323],[14.3194,51.04],[14.2875,51.0368],[14.2636,51.0214],[14.2495,50.9927],[14.2383,50.9825],[14.25,50.9776],[14.2838,50.9748],[14.3038,50.9697],[14.3022,50.9677],[14.2937,50.964],[14.2928,50.9535],[14.3183,50.9375],[14.3552,50.9306],[14.3819,50.9209],[14.3759,50.896],[14.3465,50.8802],[14.2681,50.8841],[14.2321,50.8794],[14.2213,50.8726],[14.203,50.8551],[14.1908,50.8479],[14.0349,50.8026],[14.0157,50.8018],[13.9791,50.8048],[13.9596,50.8021],[13.9488,50.7972],[13.9335,50.7848],[13.9233,50.78],[13.9107,50.7788],[13.901,50.7806],[13.8925,50.7804],[13.8833,50.7732],[13.8791,50.7635],[13.8803,50.755],[13.8827,50.748],[13.8822,50.7427],[13.8754,50.7365],[13.8696,50.7353],[13.8635,50.7351],[13.8345,50.7237],[13.8166,50.7214],[13.7707,50.7246],[13.7491,50.7232],[13.711,50.7143],[13.6918,50.7118],[13.6019,50.7122],[13.5566,50.7067],[13.5156,50.691],[13.5272,50.6757],[13.5233,50.6622],[13.51,50.6512],[13.4933,50.6432],[13.4991,50.6352],[13.4982,50.6292],[13.4922,50.6245],[13.4823,50.6209],[13.4649,50.6071],[13.4479,50.5973],[13.4293,50.5943],[13.407,50.6013],[13.4004,50.6066],[13.3863,50.6216],[13.381,50.6255],[13.3688,50.6283],[13.366,50.6271],[13.3654,50.6235],[13.3594,50.6193],[13.3219,50.6024],[13.3163,50.596],[13.3056,50.5758],[13.2846,50.569],[13.268,50.5737],[13.2518,50.5809],[13.2323,50.582],[13.1991,50.5253],[13.1847,50.5088],[13.1601,50.497],[13.1074,50.499],[13.0792,50.4928],[13.079,50.4927],[13.0789,50.4927],[13.0698,50.4911],[13.0604,50.4906],[13.0511,50.4911],[13.0423,50.4928],[13.0345,50.4965],[13.0263,50.4976],[13.0179,50.4963],[13.0096,50.4927],[13.0031,50.4519],[12.9966,50.4337],[12.9824,50.423],[12.9606,50.4092],[12.9526,50.4042],[12.9184,50.4054],[12.8258,50.4414],[12.8174,50.443],[12.8084,50.4418],[12.7943,50.4359],[12.7881,50.4343],[12.7703,50.4359],[12.7542,50.4353],[12.7379,50.4315],[12.7251,50.4234],[12.703,50.4015],[12.6918,50.3947],[12.6788,50.3937],[12.6254,50.3999],[12.5505,50.3964],[12.5102,50.3888],[12.4825,50.3736],[12.4751,50.3694],[12.4716,50.3645],[12.4695,50.3594],[12.4668,50.3549],[12.467,50.3528],[12.4684,50.3495],[12.469,50.3456],[12.4668,50.3419],[12.4628,50.3405],[12.4538,50.3407],[12.4502,50.3394],[12.4383,50.3325],[12.4089,50.322],[12.3982,50.3152],[12.3672,50.2791],[12.3558,50.2714],[12.3447,50.2664],[12.3365,50.2586],[12.3338,50.2427],[12.3141,50.2265],[12.3087,50.2171],[12.3056,50.1993],[12.3086,50.1869],[12.3144,50.1762],[12.3144,50.1673],[12.3004,50.1608],[12.2834,50.1622],[12.2732,50.1723],[12.2612,50.1999],[12.2602,50.205],[12.2585,50.2109],[12.2543,50.2174],[12.25,50.2212],[12.2325,50.2325],[12.2299,50.2348],[12.2289,50.237],[12.2298,50.2391],[12.2325,50.241],[12.2338,50.2417],[12.2351,50.2423],[12.2364,50.2426],[12.238,50.2427],[12.2424,50.2484],[12.243,50.253],[12.2396,50.2566],[12.2325,50.2591],[12.2038,50.2596],[12.1892,50.2625],[12.178,50.2688],[12.1741,50.2766],[12.1744,50.2937],[12.1685,50.303],[12.1493,50.3117],[12.1013,50.314],[12.0761,50.3152],[12.0992,50.2998],[12.1073,50.2909],[12.111,50.2766],[12.1091,50.2638],[12.1024,50.2592],[12.0921,50.2548],[12.0796,50.2427],[12.0899,50.2308],[12.1393,50.211],[12.1638,50.1938],[12.1751,50.1826],[12.1827,50.1707],[12.1856,50.1557],[12.1786,50.133],[12.1792,50.118],[12.1879,50.1028],[12.202,50.0945],[12.218,50.0886],[12.2325,50.0805],[12.2414,50.0706],[12.2435,50.0604],[12.2437,50.0513],[12.2469,50.045],[12.3982,49.9928],[12.3992,49.9928],[12.4145,49.983],[12.4513,49.9806],[12.4682,49.9702],[12.4707,49.9556],[12.4638,49.9421],[12.4627,49.9313],[12.5036,49.9158],[12.5179,49.9122],[12.5241,49.905],[12.521,49.8855],[12.5129,49.8702],[12.4899,49.8427],[12.4825,49.8272],[12.4625,49.8312],[12.4564,49.8171],[12.4559,49.7961],[12.4527,49.7797],[12.4367,49.7693],[12.3954,49.7579],[12.3836,49.7429],[12.3886,49.7323],[12.3989,49.7195],[12.4196,49.7002],[12.4339,49.6918],[12.4492,49.685],[12.4825,49.6747],[12.4964,49.67],[12.5046,49.6594],[12.5054,49.6461],[12.4969,49.6339],[12.4995,49.6325],[12.5074,49.63],[12.5027,49.6221],[12.502,49.6197],[12.5122,49.6116],[12.5361,49.6031],[12.5466,49.5956],[12.5536,49.5847],[12.5583,49.5626],[12.5623,49.5508],[12.5687,49.5388],[12.575,49.5299],[12.5829,49.5224],[12.5937,49.515],[12.605,49.5128],[12.6155,49.5138],[12.623,49.5098],[12.6243,49.493],[12.6272,49.4602],[12.6322,49.444],[12.6435,49.4295],[12.6631,49.4189],[12.7092,49.4047],[12.7293,49.3911],[12.7621,49.3432],[12.7779,49.3325],[12.7978,49.3278],[12.8567,49.3222],[12.8754,49.3239],[12.8709,49.3367],[12.8847,49.3396],[12.9229,49.3327],[12.9399,49.3268],[12.9543,49.3191],[12.9824,49.2996],[12.9998,49.2949],[13.0054,49.2868],[13.0067,49.2771],[13.0113,49.2678],[13.0432,49.2429],[13.0434,49.2428],[13.0558,49.2382],[13.1495,49.1548],[13.1626,49.1351],[13.1785,49.1183],[13.2068,49.1075],[13.2673,49.1056],[13.2873,49.1006],[13.2995,49.0936],[13.3299,49.0669],[13.3724,49.0385],[13.3836,49.0211],[13.3842,48.993],[13.3985,48.9777],[13.4273,48.96],[13.4589,48.945],[13.4823,48.9376],[13.4926,48.955],[13.5021,48.9661],[13.516,48.9702],[13.5224,48.9693],[13.5389,48.967],[13.5565,48.96],[13.5734,48.951],[13.5905,48.9448],[13.6087,48.9462],[13.6111,48.9272],[13.6218,48.9091],[13.6374,48.8935],[13.6544,48.8822],[13.6734,48.8763],[13.7106,48.8725],[13.7247,48.8673],[13.7479,48.8434],[13.7962,48.7798],[13.8157,48.7664]]],[[[6.1175,50.1205],[6.1106,50.106],[6.1057,50.0922],[6.0994,50.0641],[6.1012,50.0634],[6.1072,50.0638],[6.1094,50.0636],[6.1057,50.0603],[6.0964,50.0486],[6.1073,50.0446],[6.1138,50.0364],[6.12,50.0155],[6.1172,50.0044],[6.1215,49.9963],[6.1388,49.9793],[6.154,49.9512],[6.1619,49.9425],[6.1727,49.9562],[6.1898,49.9383],[6.2227,49.8871],[6.2383,49.8769],[6.2722,49.8671],[6.2868,49.861],[6.2915,49.8556],[6.2956,49.8486],[6.3016,49.8383],[6.3026,49.8349],[6.3107,49.8345],[6.3256,49.8404],[6.3344,49.8402],[6.3514,49.8333],[6.3801,49.8156],[6.3971,49.8086],[6.4145,49.8055],[6.4625,49.8055],[6.4933,49.7996],[6.4972,49.7994],[6.5026,49.7957],[6.5023,49.7959],[6.5001,49.7945],[6.5,49.7861],[6.4985,49.7854],[6.4938,49.7636],[6.4937,49.7566],[6.4964,49.7521],[6.496,49.7482],[6.4863,49.7427],[6.4855,49.7338],[6.4878,49.7256],[6.4926,49.7184],[6.4997,49.7122],[6.491,49.7144],[6.4864,49.7129],[6.4829,49.7081],[6.4898,49.703],[6.4917,49.7008],[6.4182,49.6699],[6.4027,49.6558],[6.4045,49.6525],[6.4109,49.6496],[6.417,49.6458],[6.4179,49.6391],[6.4152,49.6346],[6.4077,49.6274],[6.3976,49.6139],[6.3715,49.593],[6.3564,49.5776],[6.3508,49.5666],[6.3508,49.5349],[6.3488,49.5253],[6.3423,49.493],[6.3454,49.4627],[6.3453,49.4553],[6.3253,49.4567],[6.2988,49.4662],[6.2511,49.4895],[6.2494,49.4903],[6.222,49.4974],[6.1936,49.4994],[6.1361,49.4953],[6.1426,49.4861],[6.1144,49.4844],[6.1073,49.4825],[6.102,49.4764],[6.1021,49.47],[6.0998,49.4646],[6.0877,49.4616],[6.078,49.452],[6.0633,49.4485],[5.9781,49.4451],[5.9607,49.4413],[5.947,49.47],[5.9281,49.4823],[5.8647,49.4922],[5.8396,49.4999],[5.8221,49.5105],[5.7907,49.5378],[5.8145,49.5451],[5.8374,49.5611],[5.8469,49.5767],[5.83,49.5828],[5.8412,49.5897],[5.8492,49.5997],[5.862,49.6228],[5.87,49.6289],[5.8799,49.6349],[5.8855,49.6435],[5.8799,49.6577],[5.8726,49.6617],[5.8526,49.6632],[5.8458,49.6666],[5.8423,49.6739],[5.8437,49.6775],[5.8467,49.6807],[5.8472,49.6872],[5.8488,49.6927],[5.8536,49.6963],[5.8573,49.7004],[5.8564,49.7058],[5.856,49.7081],[5.8502,49.714],[5.8437,49.7143],[5.8373,49.7129],[5.8317,49.7136],[5.8257,49.7158],[5.8118,49.7185],[5.8054,49.7219],[5.8058,49.7242],[5.8036,49.7382],[5.8021,49.7429],[5.7785,49.773],[5.7719,49.7794],[5.7592,49.7845],[5.7484,49.7856],[5.7383,49.7888],[5.7277,49.8002],[5.7216,49.8128],[5.7202,49.8247],[5.7246,49.8343],[5.7365,49.8394],[5.7269,49.8452],[5.7287,49.8488],[5.7305,49.8512],[5.732,49.8542],[5.7319,49.86],[5.7581,49.8582],[5.7488,49.8673],[5.7267,49.8782],[5.7149,49.8819],[5.719,49.8914],[5.7536,49.9302],[5.7576,49.9365],[5.76,49.9416],[5.7637,49.9468],[5.7716,49.9535],[5.7786,49.9566],[5.7934,49.9588],[5.8016,49.9638],[5.8126,49.9776],[5.8086,49.9831],[5.8015,49.9887],[5.8027,50.0025],[5.8089,50.0078],[5.8291,50.0136],[5.8364,50.0185],[5.8388,50.0265],[5.8388,50.0359],[5.8377,50.0474],[5.8437,50.0536],[5.8583,50.0618],[5.8644,50.0675],[5.8669,50.0743],[5.8688,50.0905],[5.8724,50.0969],[5.889,50.1066],[5.9262,50.1183],[5.9411,50.1283],[5.949,50.1427],[5.9532,50.1564],[5.9616,50.1656],[5.9829,50.1671],[5.9983,50.175],[6.0047,50.1705],[6.008,50.1609],[6.0141,50.1536],[6.023,50.1508],[6.0274,50.1494],[6.0386,50.1484],[6.0614,50.1507],[6.07,50.1542],[6.0765,50.1586],[6.0842,50.1593],[6.0971,50.1513],[6.1015,50.1421],[6.1003,50.1327],[6.1026,50.1247],[6.1175,50.1205]]],[[[2.5218,51.0875],[2.542,51.0969],[2.5799,51.1048],[2.7157,51.1695],[2.9236,51.2465],[3.1248,51.3297],[3.349,51.3751],[3.3494,51.3752],[3.3581,51.3367],[3.3539,51.3119],[3.3532,51.2886],[3.3674,51.2635],[3.3917,51.2468],[3.3988,51.2447],[3.4219,51.238],[3.4539,51.2356],[3.5012,51.2403],[3.5041,51.2497],[3.5015,51.2624],[3.5034,51.274],[3.5143,51.281],[3.529,51.2833],[3.545,51.2839],[3.5848,51.2895],[3.6095,51.2904],[3.6351,51.2878],[3.7573,51.2623],[3.7762,51.2545],[3.7814,51.2414],[3.7797,51.2303],[3.7814,51.2199],[3.7963,51.2088],[3.8087,51.2053],[3.927,51.2063],[3.9495,51.2108],[3.995,51.2332],[4.119,51.2724],[4.1686,51.2969],[4.2079,51.3306],[4.2135,51.3405],[4.221,51.3638],[4.2215,51.368],[4.2222,51.3677],[4.2411,51.3566],[4.249,51.3467],[4.2561,51.3284],[4.2726,51.3158],[4.2908,51.3059],[4.303,51.2961],[4.3067,51.2897],[4.3081,51.2836],[4.3054,51.2766],[4.2987,51.2696],[4.2967,51.2676],[4.3084,51.2712],[4.3164,51.2768],[4.3308,51.2961],[4.2971,51.3052],[4.2893,51.3091],[4.2854,51.318],[4.2861,51.3397],[4.2831,51.3501],[4.2756,51.3581],[4.2611,51.3694],[4.2811,51.3689],[4.2901,51.3688],[4.3263,51.3564],[4.3456,51.3523],[4.3922,51.3504],[4.4112,51.3567],[4.4162,51.374],[4.4101,51.3838],[4.3877,51.4005],[4.3799,51.4095],[4.3806,51.4197],[4.3872,51.4275],[4.3892,51.4346],[4.3771,51.4429],[4.4294,51.462],[4.4831,51.4743],[4.5126,51.4774],[4.5252,51.4759],[4.5332,51.4676],[4.5318,51.4509],[4.5234,51.4384],[4.5215,51.4286],[4.5406,51.4201],[4.5539,51.4193],[4.5827,51.4226],[4.6146,51.4176],[4.6301,51.4182],[4.6436,51.4214],[4.6539,51.4262],[4.7312,51.4856],[4.7642,51.4962],[4.7787,51.4954],[4.7968,51.491],[4.8136,51.4841],[4.8239,51.4756],[4.8261,51.4606],[4.8199,51.4462],[4.8154,51.4311],[4.8227,51.4137],[4.7791,51.4264],[4.7678,51.4254],[4.7621,51.4134],[4.7833,51.4076],[4.8533,51.4061],[4.8717,51.403],[4.9103,51.3919],[4.9319,51.3956],[4.9571,51.411],[4.9802,51.4305],[4.9958,51.4467],[5.0027,51.459],[5.0061,51.4683],[5.0121,51.4743],[5.0275,51.4768],[5.0303,51.4744],[5.0603,51.462],[5.0799,51.4385],[5.0764,51.4219],[5.0653,51.4059],[5.0617,51.3843],[5.0681,51.3745],[5.1026,51.3507],[5.1078,51.342],[5.1181,51.3199],[5.1229,51.3134],[5.1402,51.3074],[5.1788,51.3095],[5.1973,51.3083],[5.2149,51.2943],[5.2154,51.2587],[5.233,51.2559],[5.2395,51.2569],[5.2707,51.2618],[5.3891,51.2587],[5.4099,51.2635],[5.4519,51.2821],[5.4716,51.2881],[5.4932,51.2865],[5.5167,51.2772],[5.5352,51.262],[5.5423,51.2427],[5.5455,51.2199],[5.5514,51.2168],[5.5684,51.2077],[5.625,51.1969],[5.6385,51.1909],[5.6482,51.184],[5.659,51.1791],[5.6762,51.1792],[5.718,51.1846],[5.7308,51.1838],[5.7472,51.1776],[5.7681,51.1595],[5.7814,51.1524],[5.8121,51.1573],[5.8291,51.1565],[5.838,51.1437],[5.8405,51.1389],[5.8264,51.1302],[5.8232,51.1187],[5.846,51.1034],[5.8368,51.0995],[5.8267,51.0969],[5.8159,51.0959],[5.8049,51.0966],[5.8074,51.0894],[5.809,51.0863],[5.8118,51.0823],[5.8043,51.0686],[5.7988,51.0615],[5.7913,51.055],[5.7796,51.0613],[5.7715,51.0581],[5.7664,51.0484],[5.764,51.0352],[5.7776,51.0236],[5.7617,50.9992],[5.7224,50.9594],[5.7447,50.9632],[5.7543,50.9631],[5.764,50.9594],[5.7525,50.9472],[5.7353,50.924],[5.7224,50.9117],[5.7176,50.9092],[5.706,50.9066],[5.6945,50.9037],[5.6223,50.8527],[5.6245,50.8303],[5.6407,50.815],[5.6574,50.8076],[5.6633,50.8051],[5.6849,50.7985],[5.7005,50.7956],[5.6987,50.7838],[5.6884,50.7608],[5.7066,50.7542],[5.7174,50.7528],[5.7278,50.7542],[5.7328,50.7589],[5.7436,50.7691],[5.7524,50.7734],[5.7625,50.771],[5.7829,50.7567],[5.7932,50.7521],[5.8799,50.7535],[5.8913,50.7512],[5.9022,50.749],[5.9748,50.7475],[5.9949,50.7499],[5.9933,50.7481],[5.9926,50.7463],[5.9927,50.7444],[5.9942,50.7426],[6.0108,50.7371],[6.0113,50.7274],[6.0076,50.7169],[6.0115,50.7085],[6.0248,50.7076],[6.0644,50.7145],[6.081,50.7135],[6.1002,50.7013],[6.1611,50.6422],[6.1478,50.6368],[6.1594,50.6224],[6.18,50.6155],[6.2491,50.6144],[6.2513,50.6084],[6.2443,50.5995],[6.2329,50.5908],[6.2329,50.5871],[6.2106,50.5787],[6.1791,50.562],[6.1607,50.5436],[6.1773,50.5302],[6.1695,50.5225],[6.1708,50.518],[6.1789,50.5158],[6.1906,50.5152],[6.1826,50.5066],[6.1907,50.5018],[6.1992,50.4904],[6.2072,50.4863],[6.2171,50.486],[6.2509,50.4927],[6.2531,50.4941],[6.2556,50.4946],[6.2578,50.4941],[6.2601,50.4927],[6.2754,50.488],[6.3187,50.4817],[6.3369,50.481],[6.3257,50.474],[6.3233,50.466],[6.3262,50.457],[6.3316,50.4469],[6.3402,50.4379],[6.3473,50.437],[6.3512,50.4336],[6.3504,50.4169],[6.3433,50.3933],[6.3364,50.3799],[6.3377,50.3681],[6.3725,50.3294],[6.3734,50.3231],[6.3745,50.3155],[6.362,50.307],[6.3355,50.3039],[6.322,50.3054],[6.3107,50.3082],[6.2995,50.3089],[6.286,50.3039],[6.276,50.2961],[6.2694,50.2865],[6.2673,50.2764],[6.2718,50.2674],[6.2534,50.2568],[6.2104,50.249],[6.1896,50.2427],[6.1798,50.233],[6.1572,50.2227],[6.1468,50.214],[6.1602,50.2045],[6.1658,50.1932],[6.1651,50.1819],[6.1591,50.1724],[6.1517,50.1693],[6.1317,50.1683],[6.1232,50.1649],[6.1213,50.1616],[6.118,50.1504],[6.1158,50.1455],[6.126,50.1402],[6.1295,50.134],[6.1266,50.1273],[6.1175,50.1205],[6.1026,50.1247],[6.1003,50.1327],[6.1015,50.1421],[6.0971,50.1513],[6.0842,50.1593],[6.0765,50.1586],[6.07,50.1542],[6.0614,50.1507],[6.0386,50.1484],[6.0274,50.1494],[6.023,50.1508],[6.0141,50.1536],[6.008,50.1609],[6.0047,50.1705],[5.9983,50.175],[5.9829,50.1671],[5.9616,50.1656],[5.9532,50.1564],[5.949,50.1427],[5.9411,50.1283],[5.9262,50.1183],[5.889,50.1066],[5.8724,50.0969],[5.8688,50.0905],[5.8669,50.0743],[5.8644,50.0675],[5.8583,50.0618],[5.8437,50.0536],[5.8377,50.0474],[5.8388,50.0359],[5.8388,50.0265],[5.8364,50.0185],[5.8291,50.0136],[5.8089,50.0078],[5.8027,50.0025],[5.8015,49.9887],[5.8086,49.9831],[5.8126,49.9776],[5.8016,49.9638],[5.7934,49.9588],[5.7786,49.9566],[5.7716,49.9535],[5.7637,49.9468],[5.76,49.9416],[5.7576,49.9365],[5.7536,49.9302],[5.719,49.8914],[5.7149,49.8819],[5.7267,49.8782],[5.7488,49.8673],[5.7581,49.8582],[5.7319,49.86],[5.732,49.8542],[5.7305,49.8512],[5.7287,49.8488],[5.7269,49.8452],[5.7365,49.8394],[5.7246,49.8343],[5.7202,49.8247],[5.7216,49.8128],[5.7277,49.8002],[5.7383,49.7888],[5.7484,49.7856],[5.7592,49.7845],[5.7719,49.7794],[5.7785,49.773],[5.8021,49.7429],[5.8036,49.7382],[5.8058,49.7242],[5.8054,49.7219],[5.8118,49.7185],[5.8257,49.7158],[5.8317,49.7136],[5.8373,49.7129],[5.8437,49.7143],[5.8502,49.714],[5.856,49.7081],[5.8564,49.7058],[5.8573,49.7004],[5.8536,49.6963],[5.8488,49.6927],[5.8472,49.6872],[5.8467,49.6807],[5.8437,49.6775],[5.8423,49.6739],[5.8458,49.6666],[5.8526,49.6632],[5.8726,49.6617],[5.8799,49.6577],[5.8855,49.6435],[5.8799,49.6349],[5.87,49.6289],[5.862,49.6228],[5.8492,49.5997],[5.8412,49.5897],[5.83,49.5828],[5.8469,49.5767],[5.8374,49.5611],[5.8145,49.5451],[5.7907,49.5378],[5.779,49.5396],[5.7571,49.5484],[5.7463,49.5494],[5.7356,49.5457],[5.7227,49.5346],[5.7103,49.5311],[5.6887,49.5335],[5.6672,49.5404],[5.6446,49.5438],[5.6197,49.5355],[5.6079,49.5249],[5.6056,49.5178],[5.6023,49.5137],[5.5875,49.5124],[5.5789,49.5139],[5.5476,49.5234],[5.5288,49.518],[5.5037,49.5051],[5.4777,49.4952],[5.4561,49.4989],[5.4499,49.5078],[5.451,49.5168],[5.4542,49.5262],[5.4544,49.5366],[5.4502,49.5458],[5.4021,49.6025],[5.3912,49.6088],[5.3835,49.6133],[5.3525,49.6207],[5.3411,49.6251],[5.3349,49.6258],[5.3312,49.6231],[5.3269,49.6176],[5.3217,49.6126],[5.3145,49.6111],[5.2979,49.6133],[5.293,49.6172],[5.2907,49.6264],[5.2938,49.6405],[5.3018,49.6439],[5.3064,49.6475],[5.2994,49.6625],[5.2801,49.6779],[5.2592,49.6913],[5.2376,49.691],[5.1925,49.6828],[5.1694,49.6872],[5.1512,49.696],[5.1364,49.7053],[5.0938,49.7453],[5.0819,49.7527],[5.0462,49.7594],[5.0263,49.7667],[4.9891,49.7906],[4.971,49.7971],[4.9684,49.797],[4.95,49.7964],[4.9066,49.7865],[4.8842,49.7841],[4.858,49.7866],[4.849,49.7942],[4.8492,49.8316],[4.8468,49.8375],[4.8369,49.848],[4.8349,49.853],[4.8367,49.8591],[4.8456,49.8658],[4.8489,49.8711],[4.8543,49.8833],[4.8594,49.8917],[4.862,49.9003],[4.8602,49.9133],[4.8446,49.9317],[4.7973,49.9443],[4.7839,49.9583],[4.7883,49.9743],[4.8267,50.036],[4.8276,50.0467],[4.8261,50.055],[4.8272,50.0641],[4.846,50.0907],[4.8521,50.0916],[4.8629,50.0841],[4.8652,50.1016],[4.8705,50.1223],[4.8719,50.1398],[4.8627,50.1476],[4.8314,50.1434],[4.8201,50.1464],[4.8156,50.1613],[4.7886,50.1534],[4.6819,50.0839],[4.6761,50.0761],[4.6734,50.0662],[4.6758,50.0602],[4.6795,50.0552],[4.6806,50.0483],[4.6729,50.0164],[4.6659,50.0005],[4.6567,49.9891],[4.6458,49.9845],[4.6042,49.9802],[4.4648,49.9356],[4.4351,49.9323],[4.4277,49.9336],[4.2776,49.9602],[4.216,49.9544],[4.2011,49.953],[4.1877,49.9555],[4.1317,49.975],[4.1324,49.9749],[4.1396,49.9745],[4.1384,49.9892],[4.1329,50.0045],[4.1282,50.0058],[4.1323,50.0176],[4.1373,50.0251],[4.1446,50.0308],[4.1629,50.0418],[4.186,50.0525],[4.21,50.0602],[4.2103,50.0667],[4.2034,50.0747],[4.1974,50.0841],[4.1806,50.1272],[4.1706,50.1305],[4.1599,50.1294],[4.1399,50.1236],[4.1258,50.1282],[4.1282,50.1462],[4.1474,50.1863],[4.1527,50.2045],[4.1573,50.2127],[4.1679,50.2225],[4.1915,50.2343],[4.2013,50.2415],[4.2037,50.252],[4.1976,50.2585],[4.1852,50.2655],[4.1718,50.2709],[4.1628,50.273],[4.1503,50.2695],[4.1498,50.2631],[4.151,50.2563],[4.1437,50.2516],[4.1253,50.2571],[4.0979,50.2948],[4.0772,50.3066],[4.0559,50.3146],[4.0227,50.3381],[4.0033,50.3441],[3.9821,50.3426],[3.9186,50.3255],[3.8959,50.3253],[3.878,50.3308],[3.8609,50.3385],[3.8402,50.3452],[3.7987,50.3485],[3.755,50.3463],[3.7415,50.3431],[3.7334,50.3372],[3.7155,50.3177],[3.7111,50.3093],[3.7084,50.3063],[3.7039,50.3043],[3.7022,50.3053],[3.7008,50.3047],[3.6969,50.2982],[3.6617,50.3193],[3.6529,50.3602],[3.6528,50.4068],[3.6444,50.4455],[3.6281,50.4644],[3.6083,50.4765],[3.5864,50.4835],[3.5637,50.4865],[3.4991,50.4868],[3.4867,50.4927],[3.4965,50.5038],[3.498,50.5119],[3.4915,50.5171],[3.4771,50.5199],[3.4629,50.5191],[3.4526,50.5149],[3.4427,50.5085],[3.4292,50.5018],[3.3854,50.4916],[3.3611,50.4898],[3.3436,50.4929],[3.2999,50.5075],[3.2868,50.5141],[3.271,50.5269],[3.2659,50.5383],[3.2643,50.5702],[3.2379,50.6265],[3.2298,50.6554],[3.2438,50.6721],[3.2324,50.6959],[3.2244,50.7052],[3.211,50.708],[3.1969,50.7092],[3.189,50.7151],[3.1767,50.7341],[3.1628,50.7499],[3.1462,50.7689],[3.1292,50.7791],[3.1033,50.7841],[3.0238,50.7683],[2.9714,50.7578],[2.9484,50.7487],[2.9302,50.7362],[2.9001,50.7031],[2.8869,50.6966],[2.8713,50.6988],[2.8667,50.7001],[2.7867,50.7234],[2.7682,50.7332],[2.763,50.7394],[2.7495,50.7596],[2.7438,50.7662],[2.7066,50.7888],[2.7,50.7963],[2.6969,50.803],[2.6919,50.8088],[2.6787,50.8132],[2.6692,50.8139],[2.6506,50.8122],[2.6425,50.8125],[2.6278,50.8144],[2.6204,50.8165],[2.6152,50.8222],[2.6066,50.8348],[2.602,50.8381],[2.5899,50.842],[2.5867,50.8454],[2.5878,50.85],[2.5955,50.8611],[2.5967,50.8676],[2.5769,50.9115],[2.5827,50.9207],[2.6058,50.9352],[2.6117,50.9412],[2.6084,50.9611],[2.5927,50.9761],[2.557,51.0012],[2.5471,51.0205],[2.537,51.0646],[2.5218,51.0875]]],[[[-1.7941,43.386],[-1.7964,43.3744],[-1.7972,43.3533],[-1.7969,43.3411],[-1.7682,43.3309],[-1.7558,43.3185],[-1.7524,43.2991],[-1.7497,43.2948],[-1.7474,43.291],[-1.7366,43.2923],[-1.7248,43.2965],[-1.7033,43.2986],[-1.683,43.3049],[-1.6739,43.3042],[-1.6549,43.2975],[-1.645,43.2924],[-1.6452,43.2876],[-1.648,43.2815],[-1.6463,43.2728],[-1.639,43.2557],[-1.6341,43.2511],[-1.6219,43.247],[-1.6111,43.2458],[-1.5985,43.247],[-1.5876,43.2516],[-1.5819,43.2604],[-1.574,43.2774],[-1.559,43.2841],[-1.5392,43.2836],[-1.5081,43.2768],[-1.4664,43.2608],[-1.4553,43.2622],[-1.4442,43.2651],[-1.4322,43.265],[-1.4035,43.2433],[-1.3997,43.2067],[-1.4105,43.1669],[-1.4258,43.1353],[-1.4384,43.1228],[-1.4796,43.0903],[-1.4878,43.0818],[-1.4753,43.0601],[-1.4571,43.0451],[-1.435,43.0357],[-1.4105,43.0309],[-1.3831,43.0292],[-1.3661,43.0333],[-1.3576,43.0468],[-1.3552,43.073],[-1.3483,43.0931],[-1.3311,43.1073],[-1.3086,43.1136],[-1.286,43.1092],[-1.307,43.096],[-1.3151,43.0829],[-1.3106,43.0695],[-1.2937,43.0552],[-1.2749,43.0468],[-1.2169,43.0393],[-1.1825,43.0253],[-1.1499,43.0057],[-1.1124,43.0083],[-1.1037,43.0057],[-1.0872,42.998],[-1.0797,42.9934],[-1.0451,42.9902],[-1.0285,42.9867],[-1.0163,42.9762],[-0.9815,42.957],[-0.9432,42.9479],[-0.8635,42.9431],[-0.7864,42.9533],[-0.7597,42.9465],[-0.745,42.9187],[-0.7409,42.9109],[-0.7414,42.9039],[-0.7448,42.8993],[-0.7459,42.8939],[-0.7403,42.8848],[-0.7301,42.8775],[-0.7203,42.8766],[-0.7105,42.8777],[-0.7004,42.8764],[-0.6661,42.8607],[-0.6483,42.8498],[-0.6095,42.8114],[-0.608,42.8072],[-0.61,42.8028],[-0.6102,42.7991],[-0.6036,42.7968],[-0.5873,42.7968],[-0.5829,42.7958],[-0.5771,42.7898],[-0.5785,42.7833],[-0.5787,42.7773],[-0.569,42.7726],[-0.5612,42.7735],[-0.5444,42.782],[-0.5356,42.7842],[-0.5339,42.808],[-0.5084,42.8075],[-0.4545,42.7889],[-0.4239,42.7907],[-0.3997,42.8013],[-0.3517,42.8292],[-0.343,42.8227],[-0.3352,42.825],[-0.3282,42.8326],[-0.3228,42.8425],[-0.3074,42.8318],[-0.3051,42.8308],[-0.247,42.8048],[-0.2351,42.7862],[-0.2084,42.7839],[-0.1794,42.7897],[-0.1614,42.7953],[-0.1636,42.778],[-0.1578,42.7607],[-0.1457,42.7459],[-0.1292,42.7359],[-0.1231,42.7304],[-0.1218,42.7233],[-0.119,42.7169],[-0.1085,42.7134],[-0.0958,42.7107],[-0.0889,42.7061],[-0.0842,42.7011],[-0.0784,42.6967],[-0.0389,42.6851],[-0.0043,42.6875],[0.0728,42.7085],[0.1342,42.7152],[0.1529,42.7246],[0.1692,42.7265],[0.2224,42.7162],[0.2384,42.7104],[0.2598,42.6824],[0.2754,42.6687],[0.2902,42.6703],[0.3183,42.6995],[0.336,42.7127],[0.3542,42.7175],[0.3818,42.7001],[0.384,42.6969],[0.3837,42.6927],[0.3844,42.6886],[0.3893,42.6851],[0.4093,42.6823],[0.4288,42.683],[0.4669,42.6904],[0.4835,42.6853],[0.6082,42.688],[0.6436,42.6845],[0.6567,42.688],[0.6634,42.6962],[0.6654,42.6987],[0.6664,42.7148],[0.6596,42.7299],[0.6476,42.741],[0.6335,42.7448],[0.6396,42.7548],[0.6433,42.7591],[0.6507,42.7634],[0.6397,42.7747],[0.6537,42.8027],[0.6516,42.8241],[0.6563,42.8384],[0.6794,42.8451],[0.7068,42.8466],[0.7243,42.8453],[0.7588,42.8353],[0.7763,42.8325],[0.7957,42.8338],[0.8129,42.8316],[0.8561,42.8128],[0.8858,42.8042],[0.8944,42.7993],[0.9104,42.7877],[0.9211,42.7844],[0.9306,42.788],[0.94,42.7937],[0.9503,42.7961],[0.9587,42.7937],[0.9753,42.7837],[0.9829,42.7804],[1.0682,42.7761],[1.0891,42.7713],[1.1067,42.7596],[1.1166,42.7452],[1.1241,42.7297],[1.1343,42.716],[1.1515,42.7067],[1.1625,42.7057],[1.1959,42.7136],[1.3191,42.7134],[1.3426,42.7087],[1.3382,42.6944],[1.3433,42.6904],[1.3527,42.6901],[1.3611,42.6867],[1.3788,42.6632],[1.398,42.6436],[1.4148,42.6093],[1.4293,42.5954],[1.4249,42.5894],[1.4193,42.5793],[1.418,42.5698],[1.4264,42.5656],[1.4263,42.5618],[1.4098,42.5406],[1.4065,42.5292],[1.429,42.5315],[1.4466,42.5199],[1.45,42.5041],[1.4302,42.4936],[1.4245,42.4925],[1.4076,42.4868],[1.4364,42.4535],[1.4364,42.441],[1.4479,42.4346],[1.5085,42.4287],[1.5166,42.4295],[1.5282,42.4342],[1.5345,42.4399],[1.5389,42.4457],[1.5444,42.4504],[1.6075,42.4564],[1.6395,42.4664],[1.6504,42.4934],[1.654,42.4965],[1.657,42.4976],[1.6598,42.4968],[1.6624,42.4937],[1.6742,42.4905],[1.6863,42.4906],[1.6975,42.4945],[1.707,42.5028],[1.71,42.5013],[1.712,42.4993],[1.7127,42.4968],[1.7122,42.4937],[1.7306,42.4881],[1.7927,42.4817],[1.8137,42.4752],[1.8698,42.4468],[1.8932,42.4427],[1.912,42.442],[1.9275,42.4369],[1.9411,42.4201],[1.9542,42.3827],[1.9637,42.3672],[1.9834,42.3545],[1.9957,42.3487],[2.0092,42.3471],[2.0353,42.3493],[2.0517,42.3524],[2.0633,42.3579],[2.0801,42.3713],[2.104,42.3848],[2.1087,42.3906],[2.1163,42.4054],[2.121,42.4106],[2.137,42.4162],[2.1842,42.4118],[2.246,42.4261],[2.2774,42.4286],[2.3053,42.417],[2.3173,42.4096],[2.3755,42.3893],[2.4066,42.3843],[2.4225,42.3837],[2.4299,42.3675],[2.4456,42.352],[2.4649,42.3406],[2.4834,42.337],[2.5036,42.3285],[2.5148,42.3257],[2.5253,42.3259],[2.532,42.3308],[2.5403,42.347],[2.5481,42.3522],[2.5674,42.3526],[2.6134,42.341],[2.6354,42.3379],[2.6622,42.339],[2.6618,42.3434],[2.6494,42.3537],[2.6403,42.3728],[2.6482,42.3815],[2.6904,42.4062],[2.7081,42.4129],[2.7285,42.414],[2.7677,42.4096],[2.7886,42.412],[2.8046,42.4196],[2.8348,42.4413],[2.8508,42.4484],[2.8669,42.4496],[2.8841,42.4492],[2.9008,42.4513],[2.9337,42.4702],[2.9661,42.461],[2.9831,42.4693],[2.9937,42.4676],[3.023,42.467],[3.0296,42.4657],[3.036,42.4546],[3.0439,42.4453],[3.0536,42.4376],[3.0656,42.432],[3.0861,42.4272],[3.1117,42.425],[3.1378,42.4259],[3.181,42.4315],[3.1787,42.418],[3.1702,42.3966],[3.1745,42.3809],[3.1745,42.3638],[3.1873,42.3495],[3.2042,42.3396],[3.2265,42.3425],[3.2498,42.3432],[3.263,42.3292],[3.2699,42.3292],[3.2806,42.3369],[3.2937,42.335],[3.3177,42.323],[3.294,42.288],[3.2904,42.2781],[3.287,42.2629],[3.2794,42.2556],[3.2704,42.2501],[3.263,42.2399],[3.2472,42.2457],[3.2101,42.2397],[3.1787,42.2497],[3.1702,42.2597],[3.1516,42.2568],[3.1303,42.2397],[3.1188,42.2183],[3.1174,42.1828],[3.1165,42.1584],[3.1225,42.1405],[3.1386,42.1276],[3.1731,42.112],[3.1923,42.0929],[3.2145,42.0683],[3.213,42.056],[3.1999,42.0462],[3.1959,42.0331],[3.2016,42.0174],[3.207,41.9967],[3.2079,41.99],[3.2118,41.9846],[3.2306,41.973],[3.2357,41.9655],[3.2322,41.946],[3.2074,41.9139],[3.1949,41.8883],[3.1786,41.8752],[3.1502,41.8454],[3.1168,41.8476],[3.0786,41.8266],[3.0691,41.7991],[3.0403,41.7869],[2.9509,41.7343],[2.933,41.7125],[2.9009,41.7067],[2.8773,41.702],[2.8511,41.6972],[2.8402,41.6946],[2.8355,41.6926],[2.8202,41.682],[2.8171,41.6776],[2.8132,41.6703],[2.8037,41.6686],[2.792,41.669],[2.7785,41.6456],[2.6519,41.6053],[2.4495,41.5352],[2.429,41.5189],[2.3713,41.4892],[2.2967,41.4653],[2.2673,41.4486],[2.2404,41.421],[2.1919,41.3568],[2.1633,41.3266],[2.1305,41.3037],[2.0603,41.2746],[2.0197,41.2659],[1.9513,41.2607],[1.8841,41.2475],[1.8638,41.2381],[1.854,41.236],[1.8198,41.2371],[1.6244,41.1922],[1.5392,41.1874],[1.2881,41.1163],[1.2178,41.1047],[1.2101,41.0999],[1.1925,41.076],[1.1886,41.0683],[1.1836,41.0626],[1.1729,41.0587],[1.1491,41.0696],[1.1417,41.0717],[1.0977,41.0709],[1.0557,41.0649],[1.0174,41.0518],[0.9904,41.0397],[0.8775,40.9548],[0.8228,40.8996],[0.7142,40.8152],[0.6948,40.786],[0.7215,40.7743],[0.7502,40.7656],[0.7624,40.7661],[0.7673,40.771],[0.7635,40.7784],[0.7502,40.786],[0.7669,40.785],[0.7805,40.7795],[0.792,40.7712],[0.8159,40.7484],[0.8418,40.7321],[0.8542,40.7331],[0.8737,40.7279],[0.8724,40.7071],[0.8581,40.6863],[0.8483,40.6754],[0.784,40.661],[0.7564,40.6422],[0.707,40.5834],[0.6771,40.5652],[0.648,40.5569],[0.6159,40.5535],[0.5925,40.5821],[0.6406,40.5869],[0.6632,40.5747],[0.6962,40.5904],[0.7327,40.6337],[0.7125,40.6362],[0.6822,40.6342],[0.5998,40.6137],[0.5802,40.6037],[0.5635,40.59],[0.5485,40.5723],[0.5174,40.5144],[0.5013,40.4842],[0.4834,40.465],[0.4662,40.4507],[0.4526,40.4341],[0.4461,40.4084],[0.4203,40.3883],[0.3506,40.2849],[0.339,40.2744],[0.3121,40.2575],[0.2988,40.2468],[0.2647,40.2098],[0.2053,40.1715],[0.1445,40.0788],[0.117,40.0563],[0.0662,40.0319],[0.0405,40.0029],[-0.0029,39.932],[-0.0287,39.9018],[-0.0913,39.8479],[-0.1945,39.7154],[-0.1998,39.7049],[-0.2021,39.6809],[-0.2089,39.6641],[-0.2198,39.6514],[-0.2437,39.631],[-0.2574,39.6162],[-0.2696,39.5987],[-0.2749,39.5818],[-0.2815,39.5694],[-0.3127,39.534],[-0.3234,39.5162],[-0.3306,39.4804],[-0.3275,39.4307],[-0.3207,39.3881],[-0.3013,39.322],[-0.2387,39.2154],[-0.2278,39.1993],[-0.2155,39.1818],[-0.2279,39.1752],[-0.2422,39.1663],[-0.2365,39.1481],[-0.2267,39.1118],[-0.21,39.0787],[-0.184,39.0423],[-0.158,39.0021],[-0.1207,38.9511],[-0.1059,38.9365],[-0.0686,38.9134],[-0.031,38.8828],[-0.0098,38.8697],[0.0174,38.8643],[0.0631,38.8608],[0.111,38.8499],[0.154,38.831],[0.1853,38.8035],[0.181,38.8019],[0.1709,38.7961],[0.1829,38.7918],[0.1908,38.7852],[0.2179,38.7681],[0.2277,38.7702],[0.2341,38.7579],[0.2345,38.7423],[0.2277,38.7346],[0.209,38.7337],[0.1921,38.7304],[0.1768,38.724],[0.1626,38.7135],[0.1509,38.6925],[0.1489,38.6899],[0.145,38.6863],[0.1257,38.6855],[0.1186,38.6828],[0.1053,38.6726],[0.0937,38.6676],[0.083,38.661],[0.0731,38.6452],[0.0806,38.631],[0.0604,38.6348],[0.0466,38.6322],[0.0334,38.6274],[0.015,38.6247],[-0.0148,38.6244],[-0.0288,38.6207],[-0.043,38.6117],[-0.0548,38.5953],[-0.0551,38.5808],[-0.0536,38.567],[-0.06,38.5527],[-0.0754,38.5399],[-0.0902,38.5353],[-0.1317,38.5353],[-0.177,38.5272],[-0.2021,38.5196],[-0.234,38.5017],[-0.3294,38.47],[-0.3446,38.4616],[-0.3508,38.45],[-0.3587,38.446],[-0.3952,38.4138],[-0.4061,38.3989],[-0.4101,38.3793],[-0.41,38.369],[-0.4137,38.3648],[-0.4459,38.3634],[-0.4602,38.3601],[-0.4706,38.3519],[-0.4744,38.3367],[-0.5098,38.3384],[-0.5188,38.2987],[-0.504,38.2072],[-0.5155,38.1955],[-0.5329,38.1922],[-0.5688,38.1942],[-0.5914,38.1896],[-0.6095,38.178],[-0.6237,38.1624],[-0.6344,38.1458],[-0.6407,38.1317],[-0.645,38.116],[-0.648,38.0738],[-0.6525,38.0078],[-0.6545,37.9893],[-0.6634,37.9803],[-0.6899,37.9722],[-0.7089,37.9563],[-0.7184,37.943],[-0.7586,37.8633],[-0.7607,37.8471],[-0.7606,37.8459],[-0.7561,37.8061],[-0.7607,37.7961],[-0.788,37.8228],[-0.8124,37.7701],[-0.8256,37.7614],[-0.8478,37.7561],[-0.8561,37.7425],[-0.8526,37.7238],[-0.8198,37.6767],[-0.8099,37.6669],[-0.7777,37.6501],[-0.7548,37.6413],[-0.7349,37.6394],[-0.7265,37.6515],[-0.708,37.643],[-0.7012,37.6313],[-0.7053,37.6195],[-0.7197,37.6105],[-0.7279,37.6034],[-0.7366,37.5994],[-0.7457,37.5994],[-0.7545,37.6043],[-0.764,37.5996],[-0.7915,37.5915],[-0.808,37.5884],[-0.8364,37.5764],[-0.8739,37.5764],[-0.8867,37.5743],[-0.9006,37.569],[-0.9252,37.5559],[-0.9337,37.561],[-0.9735,37.5764],[-1.0064,37.5814],[-1.0699,37.5826],[-1.0878,37.5809],[-1.1034,37.5764],[-1.1147,37.5687],[-1.12,37.559],[-1.1169,37.5494],[-1.1058,37.5321],[-1.1372,37.538],[-1.1671,37.5438],[-1.1734,37.5551],[-1.1786,37.5639],[-1.1997,37.5666],[-1.229,37.5761],[-1.2427,37.5792],[-1.2577,37.567],[-1.2617,37.5577],[-1.2898,37.5584],[-1.3237,37.562],[-1.3533,37.5499],[-1.3692,37.5414],[-1.4137,37.5065],[-1.4304,37.4981],[-1.4502,37.4947],[-1.4556,37.4927],[-1.4635,37.488],[-1.4709,37.4822],[-1.4741,37.4776],[-1.4767,37.4727],[-1.4873,37.4398],[-1.4884,37.4332],[-1.4969,37.4278],[-1.5028,37.4293],[-1.5082,37.4327],[-1.515,37.4332],[-1.5239,37.4287],[-1.5437,37.415],[-1.553,37.4122],[-1.5677,37.4099],[-1.6187,37.3923],[-1.6416,37.381],[-1.6459,37.3692],[-1.6528,37.3613],[-1.6709,37.3633],[-1.6802,37.3544],[-1.6858,37.337],[-1.699,37.3164],[-1.7285,37.2824],[-1.7872,37.2352],[-1.8127,37.2071],[-1.8304,37.1664],[-1.8378,37.1316],[-1.8498,37.1044],[-1.8552,37.0766],[-1.885,37.0155],[-1.9061,36.9876],[-1.907,36.9753],[-1.9042,36.9664],[-1.9005,36.9588],[-1.8987,36.9501],[-1.9003,36.9412],[-1.9052,36.936],[-1.9129,36.9335],[-1.9353,36.9322],[-1.9414,36.9299],[-1.9538,36.9199],[-1.9889,36.9005],[-2.0028,36.887],[-2.0131,36.8458],[-2.0248,36.8338],[-2.0405,36.8243],[-2.0569,36.8101],[-2.0607,36.8024],[-2.0659,36.7836],[-2.0712,36.7753],[-2.0803,36.7706],[-2.0914,36.7683],[-2.1008,36.7652],[-2.1111,36.7461],[-2.1267,36.7364],[-2.1467,36.7299],[-2.1661,36.7276],[-2.2036,36.7371],[-2.2317,36.7601],[-2.2561,36.7874],[-2.2828,36.8101],[-2.3183,36.8279],[-2.3391,36.8343],[-2.3617,36.8368],[-2.3802,36.8338],[-2.4127,36.82],[-2.4331,36.8163],[-2.4423,36.8183],[-2.4694,36.8277],[-2.4814,36.8299],[-2.5608,36.8188],[-2.5769,36.8113],[-2.5967,36.7731],[-2.6172,36.7284],[-2.6427,36.707],[-2.6476,36.7042],[-2.6589,36.6948],[-2.6844,36.686],[-2.7183,36.682],[-2.7362,36.6874],[-2.7567,36.6804],[-2.7829,36.6946],[-2.8026,36.7073],[-2.821,36.7139],[-2.83,36.7117],[-2.8391,36.7024],[-2.8483,36.7002],[-2.8588,36.7049],[-2.8861,36.7344],[-2.914,36.7503],[-2.9333,36.7517],[-2.9877,36.7371],[-3.0765,36.7498],[-3.1567,36.7445],[-3.2279,36.7548],[-3.3296,36.7449],[-3.3444,36.7369],[-3.3583,36.7259],[-3.3788,36.7139],[-3.4152,36.6955],[-3.4776,36.6961],[-3.516,36.721],[-3.5361,36.7184],[-3.5498,36.7124],[-3.5864,36.7266],[-3.6011,36.7426],[-3.6324,36.7413],[-3.6657,36.7394],[-3.6798,36.7288],[-3.7313,36.7241],[-3.8034,36.7425],[-3.8385,36.752],[-3.8894,36.7434],[-3.961,36.7268],[-4.0567,36.748],[-4.08,36.7436],[-4.1102,36.7257],[-4.197,36.7154],[-4.2247,36.7124],[-4.4032,36.7239],[-4.4203,36.7199],[-4.4333,36.7107],[-4.4612,36.6715],[-4.4669,36.663],[-4.4805,36.6512],[-4.4911,36.6367],[-4.4954,36.6206],[-4.5248,36.5807],[-4.5878,36.5738],[-4.615,36.5306],[-4.6498,36.5121],[-4.6593,36.5076],[-4.6803,36.5008],[-4.7228,36.493],[-4.7642,36.494],[-4.8803,36.5057],[-4.9027,36.5065],[-4.9122,36.504],[-4.9235,36.4969],[-4.9942,36.4571],[-5.0625,36.4522],[-5.1087,36.429],[-5.121,36.4256],[-5.1576,36.4219],[-5.1737,36.4174],[-5.1866,36.4112],[-5.1997,36.3972],[-5.2271,36.3579],[-5.2279,36.3485],[-5.2447,36.3121],[-5.2537,36.2971],[-5.2586,36.2925],[-5.2659,36.2871],[-5.2741,36.2825],[-5.2906,36.2774],[-5.2895,36.2698],[-5.2853,36.2608],[-5.2966,36.2474],[-5.3293,36.1981],[-5.3341,36.1878],[-5.3388,36.1411],[-5.3584,36.1411],[-5.3666,36.1632],[-5.3825,36.1723],[-5.4061,36.1792],[-5.4254,36.1798],[-5.4287,36.17],[-5.4379,36.1615],[-5.4423,36.1488],[-5.4415,36.1345],[-5.4349,36.1215],[-5.4399,36.1142],[-5.4372,36.0987],[-5.4316,36.0889],[-5.4287,36.0808],[-5.4318,36.0696],[-5.4386,36.0628],[-5.4455,36.0574],[-5.4665,36.0507],[-5.5666,36.0216],[-5.581,36.014],[-5.6118,36.0065],[-5.6297,36.0368],[-5.6717,36.056],[-5.6894,36.0671],[-5.7131,36.06],[-5.7339,36.0657],[-5.7537,36.0756],[-5.7961,36.0855],[-5.8113,36.0968],[-5.8328,36.1224],[-5.8979,36.1739],[-5.9172,36.1841],[-5.939,36.1838],[-5.9836,36.177],[-6.0368,36.1895],[-6.0625,36.2172],[-6.0822,36.2507],[-6.1047,36.2807],[-6.1595,36.3043],[-6.166,36.3187],[-6.1685,36.3353],[-6.1752,36.3536],[-6.1842,36.3707],[-6.2184,36.4025],[-6.2421,36.4465],[-6.2571,36.4764],[-6.2796,36.5113],[-6.3014,36.526],[-6.31,36.5341],[-6.2977,36.5388],[-6.2894,36.5373],[-6.2575,36.5138],[-6.249,36.5047],[-6.2541,36.4963],[-6.2467,36.4866],[-6.2315,36.4727],[-6.2191,36.475],[-6.2115,36.4805],[-6.2008,36.4938],[-6.1794,36.5135],[-6.1865,36.5142],[-6.2068,36.5089],[-6.2244,36.5108],[-6.2325,36.5262],[-6.226,36.5567],[-6.2349,36.5758],[-6.2832,36.6124],[-6.2939,36.6168],[-6.3617,36.6206],[-6.3798,36.6243],[-6.3947,36.6369],[-6.407,36.6767],[-6.4176,36.696],[-6.4315,36.7146],[-6.4379,36.7333],[-6.4333,36.7512],[-6.4145,36.7676],[-6.3963,36.7751],[-6.3589,36.7858],[-6.3456,36.795],[-6.3352,36.8183],[-6.3437,36.8599],[-6.3382,36.8837],[-6.3044,36.9072],[-6.2233,36.9023],[-6.1948,36.9321],[-6.214,36.9217],[-6.2397,36.9134],[-6.265,36.9129],[-6.2836,36.9259],[-6.3259,36.9127],[-6.3447,36.9013],[-6.3524,36.8803],[-6.3467,36.8199],[-6.3524,36.8086],[-6.388,36.8082],[-6.4162,36.8378],[-6.4486,36.9042],[-6.4711,36.9356],[-6.4996,36.9597],[-6.7449,37.1014],[-6.7715,37.1128],[-6.7947,37.1177],[-6.8118,37.1237],[-6.853,37.1511],[-6.8733,37.1587],[-6.8929,37.1666],[-6.9109,37.189],[-6.9176,37.2151],[-6.9108,37.2276],[-6.8988,37.2358],[-6.8641,37.2775],[-6.8527,37.2952],[-6.9035,37.2496],[-6.9311,37.2339],[-6.9626,37.2338],[-6.9626,37.2276],[-6.9407,37.2007],[-6.9301,37.1832],[-6.9285,37.1723],[-6.9416,37.1711],[-7.0294,37.2055],[-7.0617,37.2139],[-7.101,37.2243],[-7.1273,37.2147],[-7.099,37.2119],[-7.0856,37.2065],[-7.3279,37.2016],[-7.3431,37.1962],[-7.3629,37.1817],[-7.3814,37.1799],[-7.3985,37.1855],[-7.4144,37.1928],[-7.4294,37.2367],[-7.4342,37.2593],[-7.4276,37.2745],[-7.4374,37.3073],[-7.445,37.3868],[-7.4623,37.4179],[-7.46,37.4291],[-7.4629,37.4511],[-7.4689,37.4756],[-7.4759,37.4943],[-7.4815,37.5004],[-7.4986,37.5117],[-7.5063,37.5181],[-7.5146,37.5283],[-7.5154,37.5293],[-7.5175,37.5352],[-7.5184,37.5419],[-7.5237,37.5557],[-7.5276,37.5555],[-7.5291,37.5567],[-7.5297,37.5672],[-7.5265,37.5712],[-7.5158,37.5809],[-7.5147,37.5859],[-7.5125,37.5904],[-7.5118,37.5953],[-7.5143,37.6014],[-7.5049,37.6064],[-7.4785,37.6289],[-7.4716,37.6369],[-7.4663,37.652],[-7.4576,37.7001],[-7.444,37.7302],[-7.4263,37.7506],[-7.3344,37.8119],[-7.3069,37.8508],[-7.2958,37.8849],[-7.2739,37.9315],[-7.2686,37.9492],[-7.2691,37.9594],[-7.2721,37.9689],[-7.2727,37.977],[-7.2658,37.983],[-7.234,37.9881],[-7.2233,37.9938],[-7.2103,37.993],[-7.1976,37.9899],[-7.1853,37.9887],[-7.1729,37.9938],[-7.1597,37.9968],[-7.1522,38.0007],[-7.1419,38.0116],[-7.132,38.0324],[-7.1233,38.04],[-7.1059,38.0387],[-7.0494,38.0202],[-7.024,38.0226],[-7.0158,38.0468],[-7.0064,38.0593],[-6.9976,38.0896],[-6.979,38.1199],[-6.9655,38.1533],[-6.9576,38.1682],[-6.9475,38.1966],[-6.9506,38.1984],[-6.9642,38.2061],[-6.9921,38.2043],[-7.0181,38.198],[-7.021,38.1982],[-7.0264,38.1996],[-7.0387,38.1862],[-7.0631,38.1775],[-7.0883,38.1734],[-7.1035,38.1736],[-7.1171,38.1836],[-7.1269,38.1909],[-7.1672,38.2721],[-7.1724,38.2765],[-7.1895,38.2865],[-7.1963,38.2922],[-7.2007,38.2984],[-7.2071,38.3117],[-7.2114,38.3175],[-7.3171,38.4246],[-7.3455,38.441],[-7.3592,38.4464],[-7.3448,38.4583],[-7.3352,38.4694],[-7.3341,38.481],[-7.3456,38.4941],[-7.3358,38.5059],[-7.3177,38.5563],[-7.2759,38.6038],[-7.2704,38.6177],[-7.2735,38.6254],[-7.2794,38.6289],[-7.286,38.6319],[-7.2909,38.6382],[-7.2925,38.6461],[-7.293,38.6563],[-7.2909,38.6791],[-7.2841,38.7132],[-7.2807,38.7204],[-7.2722,38.7337],[-7.2704,38.7375],[-7.2259,38.7661],[-7.2115,38.7754],[-7.1964,38.78],[-7.1797,38.7909],[-7.1662,38.8034],[-7.1606,38.8129],[-7.151,38.8193],[-7.1049,38.8272],[-7.0887,38.8334],[-7.0765,38.8432],[-7.0643,38.8511],[-7.0561,38.8551],[-7.0573,38.8694],[-7.0522,38.885],[-7.066,38.9046],[-7.0445,38.9186],[-7.0221,38.9429],[-6.9886,38.9938],[-6.9788,39.0038],[-6.9733,39.014],[-6.9749,39.023],[-6.9863,39.0301],[-6.9794,39.0472],[-6.9857,39.0668],[-6.9997,39.0847],[-7.0158,39.0968],[-7.0388,39.1091],[-7.0649,39.1148],[-7.0913,39.1124],[-7.1152,39.1011],[-7.1273,39.0975],[-7.1425,39.0995],[-7.1572,39.1054],[-7.1675,39.1135],[-7.1689,39.1219],[-7.1579,39.1414],[-7.1558,39.1515],[-7.1681,39.1706],[-7.1916,39.1792],[-7.2193,39.1848],[-7.2441,39.1956],[-7.2581,39.2113],[-7.2658,39.2314],[-7.2643,39.2523],[-7.2508,39.2706],[-7.3005,39.3179],[-7.3193,39.3295],[-7.3267,39.3413],[-7.3314,39.3626],[-7.3319,39.3847],[-7.3267,39.3988],[-7.3189,39.4133],[-7.3136,39.4361],[-7.3135,39.4574],[-7.3209,39.4674],[-7.3629,39.4761],[-7.3842,39.484],[-7.3994,39.4937],[-7.4089,39.5156],[-7.4176,39.5242],[-7.4513,39.5378],[-7.4681,39.5502],[-7.4979,39.581],[-7.5158,39.5938],[-7.5482,39.6632],[-7.5559,39.6772],[-7.5573,39.6798],[-7.3414,39.6718],[-7.3278,39.6748],[-7.3114,39.6803],[-7.2928,39.6833],[-7.2529,39.6823],[-7.2358,39.6865],[-7.2141,39.6762],[-7.1829,39.6751],[-7.0358,39.6893],[-7.0211,39.694],[-7.0096,39.7155],[-7.0107,39.7228],[-7.0137,39.7296],[-7.0133,39.7389],[-7.0087,39.7483],[-6.9968,39.7647],[-6.993,39.7742],[-6.9946,39.7826],[-6.9989,39.7918],[-7.0003,39.8025],[-6.993,39.8161],[-6.9852,39.8211],[-6.9623,39.8285],[-6.9528,39.8329],[-6.9277,39.8619],[-6.9242,39.8716],[-6.9235,39.8883],[-6.9218,39.8972],[-6.9216,39.9022],[-6.9251,39.9122],[-6.9252,39.9179],[-6.9223,39.9224],[-6.9126,39.9281],[-6.9095,39.932],[-6.9037,39.9567],[-6.8998,39.9656],[-6.9016,39.9765],[-6.8969,39.9871],[-6.8797,40.0092],[-6.9199,40.0649],[-6.9421,40.0863],[-6.9557,40.1029],[-6.9664,40.1103],[-6.9772,40.1134],[-7.0037,40.1163],[-7.0158,40.1191],[-7.0277,40.1326],[-7.0348,40.1667],[-7.0431,40.1814],[-7.0346,40.1931],[-7.0248,40.2162],[-7.0158,40.2255],[-6.9978,40.2317],[-6.9547,40.2534],[-6.9421,40.255],[-6.9354,40.2558],[-6.9158,40.2544],[-6.8964,40.2555],[-6.8781,40.2652],[-6.8751,40.2712],[-6.8745,40.2792],[-6.8739,40.2878],[-6.8702,40.2955],[-6.8639,40.301],[-6.8208,40.3253],[-6.812,40.3323],[-6.7944,40.3564],[-6.8281,40.3806],[-6.8513,40.4095],[-6.8571,40.4421],[-6.8387,40.4772],[-6.8153,40.5025],[-6.8125,40.5146],[-6.8181,40.5319],[-6.8285,40.5455],[-6.8398,40.5546],[-6.8484,40.5648],[-6.8505,40.5822],[-6.8445,40.5978],[-6.8213,40.6302],[-6.8143,40.6472],[-6.8142,40.6593],[-6.8162,40.6772],[-6.8243,40.7107],[-6.837,40.7433],[-6.8391,40.7575],[-6.8391,40.7769],[-6.8373,40.7868],[-6.8345,40.7922],[-6.8335,40.7978],[-6.8368,40.8083],[-6.8381,40.8149],[-6.8367,40.8402],[-6.8203,40.8442],[-6.8162,40.8568],[-6.8212,40.8701],[-6.8321,40.8759],[-6.847,40.8789],[-6.8553,40.8872],[-6.8636,40.9083],[-6.8852,40.9489],[-6.8992,40.9668],[-6.9306,40.9921],[-6.9404,41.0034],[-6.9425,41.016],[-6.9318,41.0291],[-6.9279,41.0479],[-6.9274,41.0481],[-6.9068,41.0561],[-6.8453,41.0519],[-6.818,41.0541],[-6.8044,41.0644],[-6.7648,41.1089],[-6.7565,41.1271],[-6.759,41.1518],[-6.7552,41.1588],[-6.7422,41.1714],[-6.7069,41.1943],[-6.7013,41.2024],[-6.6938,41.2174],[-6.6582,41.2578],[-6.6466,41.2676],[-6.6289,41.2699],[-6.5635,41.2707],[-6.5545,41.2756],[-6.4959,41.2949],[-6.4631,41.3141],[-6.431,41.339],[-6.3996,41.3775],[-6.3955,41.3784],[-6.3832,41.3765],[-6.3792,41.3775],[-6.3767,41.383],[-6.3755,41.3908],[-6.3762,41.3969],[-6.3792,41.3973],[-6.3662,41.4052],[-6.3523,41.4093],[-6.3211,41.411],[-6.321,41.4196],[-6.2829,41.4656],[-6.2825,41.4723],[-6.2852,41.479],[-6.2859,41.4869],[-6.2795,41.497],[-6.2536,41.5175],[-6.2059,41.5703],[-6.2161,41.5801],[-6.2301,41.5949],[-6.2722,41.6282],[-6.3171,41.6501],[-6.3659,41.6636],[-6.4471,41.6762],[-6.4608,41.6766],[-6.4677,41.6721],[-6.4744,41.6659],[-6.488,41.6588],[-6.503,41.6531],[-6.5134,41.6509],[-6.5415,41.6589],[-6.5553,41.6749],[-6.5605,41.6945],[-6.5631,41.713],[-6.5677,41.7224],[-6.5743,41.731],[-6.5774,41.7397],[-6.5715,41.7492],[-6.5644,41.7575],[-6.5601,41.7669],[-6.5357,41.8486],[-6.5242,41.8674],[-6.5501,41.8739],[-6.5679,41.8759],[-6.5758,41.8829],[-6.5676,41.9261],[-6.5717,41.9426],[-6.5851,41.9547],[-6.6095,41.9623],[-6.6228,41.941],[-6.6568,41.9331],[-6.728,41.9309],[-6.7579,41.9376],[-6.7944,41.9797],[-6.8249,41.9838],[-6.8312,41.954],[-6.855,41.9429],[-6.9171,41.9391],[-6.9451,41.9434],[-6.9695,41.9577],[-6.9835,41.963],[-6.9924,41.9664],[-7.0158,41.9537],[-7.0513,41.942],[-7.0827,41.9528],[-7.1132,41.9724],[-7.1454,41.9875],[-7.1597,41.9857],[-7.1773,41.9784],[-7.1926,41.9696],[-7.1999,41.9637],[-7.2021,41.9497],[-7.1957,41.9174],[-7.1979,41.9015],[-7.2093,41.8892],[-7.2187,41.879],[-7.2515,41.8637],[-7.3225,41.8454],[-7.3405,41.8432],[-7.3768,41.844],[-7.3919,41.842],[-7.4054,41.8352],[-7.4295,41.8145],[-7.4427,41.806],[-7.447,41.8218],[-7.4566,41.8392],[-7.4694,41.8525],[-7.4833,41.8562],[-7.493,41.8569],[-7.5081,41.8649],[-7.5158,41.865],[-7.5233,41.8602],[-7.5252,41.8542],[-7.5263,41.8474],[-7.5316,41.8402],[-7.5467,41.832],[-7.5671,41.8266],[-7.5884,41.8242],[-7.6061,41.8255],[-7.6222,41.8323],[-7.6228,41.8417],[-7.6074,41.8732],[-7.6612,41.8749],[-7.6787,41.8813],[-7.7064,41.8963],[-7.722,41.8993],[-7.7501,41.8884],[-7.8122,41.8771],[-7.8392,41.8784],[-7.8497,41.8758],[-7.8544,41.8703],[-7.8579,41.8638],[-7.8648,41.8579],[-7.8966,41.8579],[-7.9034,41.8868],[-7.9061,41.9139],[-7.9258,41.9082],[-7.9305,41.8967],[-7.9354,41.88],[-7.9448,41.867],[-7.9634,41.8666],[-7.9794,41.8686],[-7.9936,41.8637],[-8.0059,41.854],[-8.0157,41.8419],[-8.0486,41.8164],[-8.0504,41.816],[-8.0935,41.8067],[-8.1796,41.8107],[-8.1793,41.8126],[-8.1754,41.8366],[-8.177,41.8499],[-8.1846,41.8577],[-8.2204,41.8682],[-8.2317,41.886],[-8.2302,41.9047],[-8.2207,41.9227],[-8.1821,41.9654],[-8.153,41.9868],[-8.1239,42.0009],[-8.108,42.0109],[-8.0974,42.0235],[-8.0951,42.0409],[-8.1032,42.0558],[-8.1184,42.0669],[-8.1376,42.0729],[-8.1584,42.0714],[-8.1762,42.0653],[-8.1913,42.0621],[-8.204,42.0696],[-8.2074,42.0858],[-8.2043,42.1288],[-8.2134,42.144],[-8.2224,42.1536],[-8.2523,42.1376],[-8.2707,42.132],[-8.2878,42.1314],[-8.2954,42.1301],[-8.3043,42.1258],[-8.33,42.1084],[-8.3467,42.1017],[-8.5012,42.0831],[-8.52,42.0777],[-8.5544,42.0601],[-8.5728,42.0544],[-8.6094,42.0537],[-8.6269,42.051],[-8.6439,42.0415],[-8.6526,42.0314],[-8.6632,42.0099],[-8.6708,41.9998],[-8.6913,41.9896],[-8.717,41.9838],[-8.7396,41.9751],[-8.7508,41.969],[-8.762,41.9526],[-8.7771,41.9372],[-8.7954,41.9257],[-8.816,41.9212],[-8.8328,41.914],[-8.8488,41.8995],[-8.8647,41.8889],[-8.8813,41.8933],[-8.8787,41.9071],[-8.8986,42.1018],[-8.8955,42.1191],[-8.8846,42.126],[-8.845,42.1266],[-8.8265,42.1305],[-8.8191,42.1397],[-8.8237,42.1476],[-8.8428,42.1544],[-8.847,42.1608],[-8.842,42.1643],[-8.816,42.1745],[-8.8135,42.1787],[-8.811,42.1881],[-8.8058,42.1975],[-8.7952,42.2017],[-8.7906,42.2045],[-8.772,42.2222],[-8.7196,42.2523],[-8.7065,42.2564],[-8.7019,42.2585],[-8.6699,42.2809],[-8.652,42.2863],[-8.6317,42.2968],[-8.6252,42.3019],[-8.6217,42.3102],[-8.6217,42.3408],[-8.6227,42.3475],[-8.6265,42.3483],[-8.6348,42.3464],[-8.6499,42.3356],[-8.6608,42.3168],[-8.6748,42.299],[-8.6996,42.2912],[-8.7198,42.2876],[-8.7739,42.269],[-8.785,42.2601],[-8.7958,42.2582],[-8.8483,42.261],[-8.8675,42.2564],[-8.8636,42.269],[-8.8534,42.2911],[-8.8533,42.3048],[-8.847,42.3048],[-8.833,42.2891],[-8.8272,42.2967],[-8.8265,42.329],[-8.8285,42.3372],[-8.8307,42.3416],[-8.8273,42.3441],[-8.8129,42.3464],[-8.7769,42.3402],[-8.772,42.3427],[-8.7646,42.3557],[-8.7269,42.3887],[-8.7098,42.4004],[-8.6769,42.4164],[-8.6625,42.4269],[-8.6553,42.4414],[-8.6644,42.438],[-8.6725,42.4384],[-8.6825,42.4414],[-8.6913,42.4406],[-8.6945,42.4396],[-8.6968,42.438],[-8.7188,42.428],[-8.7436,42.4132],[-8.7576,42.4072],[-8.7794,42.4029],[-8.811,42.4007],[-8.8436,42.4037],[-8.8675,42.4147],[-8.8757,42.426],[-8.8802,42.445],[-8.888,42.4556],[-8.9009,42.461],[-8.9355,42.4654],[-8.9426,42.4693],[-8.935,42.4791],[-8.9167,42.4876],[-8.896,42.4939],[-8.8813,42.4966],[-8.869,42.4934],[-8.8608,42.485],[-8.8612,42.4756],[-8.8743,42.4693],[-8.8655,42.465],[-8.8516,42.4608],[-8.837,42.4589],[-8.8265,42.4619],[-8.8225,42.4724],[-8.8252,42.4841],[-8.8251,42.4949],[-8.8129,42.5028],[-8.8252,42.5374],[-8.8265,42.5546],[-8.823,42.5695],[-8.8138,42.5814],[-8.8016,42.5893],[-8.7884,42.5922],[-8.7755,42.6047],[-8.7388,42.6661],[-8.7309,42.6884],[-8.7372,42.6884],[-8.744,42.6724],[-8.7539,42.6569],[-8.7673,42.6452],[-8.785,42.6406],[-8.8038,42.6459],[-8.816,42.6585],[-8.8262,42.6741],[-8.8395,42.6824],[-8.8546,42.6616],[-8.857,42.6491],[-8.847,42.6406],[-8.8688,42.6175],[-8.8805,42.6118],[-8.8948,42.6201],[-8.8895,42.6306],[-8.9034,42.6255],[-8.9364,42.6064],[-8.9222,42.5937],[-8.934,42.5868],[-8.9699,42.5792],[-8.9728,42.5739],[-8.9808,42.5512],[-8.9892,42.5489],[-8.9971,42.5434],[-9.0115,42.5307],[-9.0264,42.5431],[-9.0286,42.5615],[-9.0334,42.5781],[-9.0558,42.5854],[-9.0709,42.5961],[-9.0657,42.6203],[-9.0514,42.6459],[-9.0388,42.6611],[-9.0395,42.673],[-9.0363,42.6879],[-9.0301,42.7077],[-9.0188,42.7198],[-9.014,42.7268],[-9.0063,42.7338],[-8.9945,42.737],[-8.992,42.7391],[-8.9631,42.7513],[-8.9374,42.7778],[-8.9222,42.7881],[-8.8983,42.7923],[-8.8913,42.7993],[-8.8849,42.815],[-8.8877,42.8311],[-8.9084,42.8395],[-8.9126,42.8166],[-8.9281,42.8025],[-8.951,42.7951],[-8.9774,42.7923],[-9.0282,42.7979],[-9.0489,42.7947],[-9.0456,42.778],[-9.0687,42.7597],[-9.0813,42.7548],[-9.1003,42.7575],[-9.1134,42.7661],[-9.1201,42.779],[-9.1255,42.795],[-9.135,42.8128],[-9.1225,42.8126],[-9.1132,42.8164],[-9.1062,42.8233],[-9.1003,42.8333],[-9.1084,42.8448],[-9.1222,42.8518],[-9.1412,42.8574],[-9.1423,42.8653],[-9.1475,42.8786],[-9.1487,42.8845],[-9.1466,42.8884],[-9.1375,42.8961],[-9.135,42.9022],[-9.1337,42.9112],[-9.1345,42.9175],[-9.1414,42.9214],[-9.1586,42.9226],[-9.1679,42.9268],[-9.1835,42.9453],[-9.1959,42.9493],[-9.1959,42.9431],[-9.19,42.9324],[-9.1958,42.9266],[-9.2052,42.9248],[-9.2101,42.9257],[-9.2143,42.939],[-9.2242,42.9402],[-9.2356,42.9349],[-9.2443,42.9288],[-9.2517,42.9202],[-9.2617,42.9002],[-9.2684,42.8913],[-9.2731,42.8933],[-9.2829,42.9166],[-9.292,42.9226],[-9.292,42.9288],[-9.2854,42.9383],[-9.2648,42.9803],[-9.264,42.9865],[-9.2618,42.9945],[-9.2587,43.0024],[-9.2548,43.008],[-9.251,43.0168],[-9.2573,43.0233],[-9.2721,43.0313],[-9.2795,43.055],[-9.2711,43.0605],[-9.2579,43.0609],[-9.2511,43.0698],[-9.2457,43.088],[-9.234,43.0965],[-9.2223,43.1027],[-9.2176,43.1144],[-9.203,43.105],[-9.1898,43.1023],[-9.1768,43.1056],[-9.1623,43.1144],[-9.1569,43.1197],[-9.1542,43.1247],[-9.1503,43.1296],[-9.1412,43.1349],[-9.1331,43.138],[-9.1258,43.1396],[-9.1077,43.1411],[-9.1077,43.1485],[-9.1247,43.1425],[-9.1471,43.1387],[-9.1633,43.1398],[-9.1623,43.1485],[-9.1942,43.1365],[-9.2084,43.1379],[-9.2176,43.1553],[-9.1701,43.1887],[-9.1379,43.2015],[-9.1004,43.1895],[-9.0832,43.1898],[-9.0652,43.1923],[-9.0524,43.1964],[-9.0398,43.2045],[-9.027,43.2101],[-9.0168,43.2239],[-9.0115,43.2388],[-9.0041,43.2388],[-8.9857,43.2269],[-8.959,43.2275],[-8.9325,43.2353],[-8.9153,43.245],[-8.9364,43.2441],[-8.9482,43.2499],[-8.9631,43.2723],[-8.9675,43.272],[-8.9798,43.2769],[-8.988,43.283],[-8.9808,43.286],[-8.9709,43.2866],[-8.9305,43.2998],[-8.888,43.3207],[-8.8566,43.3269],[-8.8491,43.3341],[-8.8412,43.3389],[-8.83,43.3412],[-8.817,43.3358],[-8.7856,43.3124],[-8.7685,43.3071],[-8.7505,43.3049],[-8.7117,43.2956],[-8.6931,43.2934],[-8.6654,43.3012],[-8.63,43.3159],[-8.5925,43.3242],[-8.5584,43.3132],[-8.506,43.3315],[-8.4975,43.3378],[-8.4943,43.3466],[-8.4861,43.3543],[-8.476,43.3597],[-8.4557,43.3633],[-8.4514,43.3674],[-8.449,43.372],[-8.443,43.3753],[-8.3883,43.3859],[-8.3847,43.3727],[-8.3757,43.363],[-8.3536,43.3486],[-8.3408,43.3599],[-8.3373,43.369],[-8.3399,43.3927],[-8.3307,43.4057],[-8.3106,43.4031],[-8.2816,43.3896],[-8.2672,43.3859],[-8.2608,43.377],[-8.2571,43.3657],[-8.2506,43.3549],[-8.2275,43.3381],[-8.2173,43.3283],[-8.2102,43.3132],[-8.2025,43.3293],[-8.203,43.3447],[-8.2102,43.3753],[-8.2096,43.3907],[-8.2048,43.3997],[-8.194,43.4068],[-8.1754,43.4163],[-8.1951,43.4232],[-8.2133,43.425],[-8.2471,43.4231],[-8.2648,43.4273],[-8.2887,43.4462],[-8.3052,43.4511],[-8.2865,43.462],[-8.1856,43.4715],[-8.1788,43.4733],[-8.1715,43.478],[-8.167,43.4846],[-8.1686,43.492],[-8.1735,43.4927],[-8.1965,43.4852],[-8.2573,43.4777],[-8.2537,43.4813],[-8.2509,43.4829],[-8.2437,43.4852],[-8.2475,43.4877],[-8.2573,43.492],[-8.2692,43.4789],[-8.289,43.473],[-8.3331,43.4715],[-8.3253,43.4868],[-8.3217,43.5079],[-8.3166,43.5229],[-8.3052,43.5194],[-8.2921,43.5329],[-8.3002,43.5382],[-8.3082,43.5463],[-8.3132,43.5563],[-8.3127,43.5671],[-8.3087,43.5671],[-8.2913,43.5648],[-8.2847,43.5671],[-8.261,43.5645],[-8.2322,43.5755],[-8.0867,43.6565],[-8.083,43.6455],[-8.0746,43.6396],[-8.0635,43.6389],[-8.0519,43.6428],[-8.0624,43.6423],[-8.0655,43.6428],[-8.0655,43.6491],[-8.0613,43.6509],[-8.0565,43.6542],[-8.0519,43.6565],[-8.0712,43.6679],[-8.074,43.6785],[-8.0692,43.6893],[-8.0655,43.7009],[-8.0593,43.7094],[-8.0445,43.7121],[-8.011,43.7117],[-7.9812,43.7178],[-7.953,43.7301],[-7.9281,43.7468],[-7.9086,43.7663],[-7.8808,43.7633],[-7.869,43.7488],[-7.8615,43.7312],[-7.8465,43.718],[-7.8465,43.7117],[-7.8523,43.7142],[-7.8623,43.7163],[-7.8676,43.718],[-7.8746,43.7094],[-7.8793,43.7005],[-7.8798,43.692],[-7.8738,43.6845],[-7.8841,43.6786],[-7.8873,43.6797],[-7.8949,43.6845],[-7.9012,43.6798],[-7.9039,43.6783],[-7.9086,43.677],[-7.9086,43.6702],[-7.8584,43.6682],[-7.8492,43.6756],[-7.8676,43.6975],[-7.856,43.7034],[-7.8439,43.7038],[-7.8192,43.6975],[-7.8214,43.7008],[-7.824,43.7081],[-7.826,43.7117],[-7.812,43.7231],[-7.7939,43.7341],[-7.7738,43.7426],[-7.734,43.7501],[-7.7128,43.7607],[-7.6957,43.7749],[-7.6888,43.79],[-7.6855,43.7934],[-7.6783,43.7905],[-7.6713,43.7829],[-7.6683,43.7725],[-7.6726,43.7667],[-7.6956,43.7459],[-7.6962,43.7315],[-7.6916,43.7272],[-7.684,43.7287],[-7.6752,43.7316],[-7.6736,43.7344],[-7.6741,43.7392],[-7.6725,43.7438],[-7.6646,43.7459],[-7.658,43.7465],[-7.641,43.7527],[-7.6376,43.7391],[-7.613,43.7043],[-7.616,43.6885],[-7.6072,43.6911],[-7.5946,43.7037],[-7.5864,43.718],[-7.5743,43.7145],[-7.5654,43.7198],[-7.5558,43.7276],[-7.5414,43.7316],[-7.502,43.7283],[-7.4901,43.7253],[-7.4076,43.6912],[-7.3671,43.6801],[-7.3041,43.5986],[-7.2567,43.5816],[-7.2602,43.5775],[-7.2623,43.5743],[-7.2651,43.5715],[-7.2711,43.5686],[-7.2711,43.5611],[-7.2577,43.5567],[-7.2496,43.5594],[-7.242,43.5648],[-7.2301,43.5686],[-7.2154,43.5687],[-7.1949,43.5635],[-7.157,43.5593],[-7.0959,43.561],[-7.0793,43.5686],[-7.0616,43.5616],[-7.0443,43.5594],[-7.0323,43.553],[-7.0309,43.5332],[-7.0377,43.5222],[-7.0484,43.5104],[-7.0536,43.4965],[-7.0446,43.4792],[-7.0439,43.4792],[-7.0383,43.4792],[-7.0327,43.4955],[-7.0295,43.5122],[-7.0238,43.5258],[-7.0104,43.5332],[-7.0014,43.5567],[-6.944,43.566],[-6.8459,43.5686],[-6.8307,43.5651],[-6.7708,43.5686],[-6.7296,43.5598],[-6.7037,43.5576],[-6.6487,43.579],[-6.5977,43.5752],[-6.5466,43.5618],[-6.5101,43.5475],[-6.4997,43.5531],[-6.4883,43.5551],[-6.463,43.555],[-6.4648,43.5597],[-6.4673,43.5709],[-6.4691,43.5754],[-6.4553,43.5733],[-6.4318,43.5634],[-6.4176,43.5611],[-6.3661,43.5686],[-6.3146,43.5686],[-6.3,43.5706],[-6.2739,43.5796],[-6.25,43.5841],[-6.2439,43.5893],[-6.2364,43.5943],[-6.2228,43.5959],[-6.191,43.5786],[-6.178,43.5754],[-6.1004,43.5692],[-6.085,43.5754],[-6.0692,43.5697],[-6.0542,43.5746],[-6.0392,43.5831],[-6.0235,43.5884],[-5.9074,43.5884],[-5.9022,43.5975],[-5.9088,43.6049],[-5.9131,43.6129],[-5.9006,43.6232],[-5.9026,43.6265],[-5.9053,43.6338],[-5.9074,43.6368],[-5.8752,43.6368],[-5.8635,43.6414],[-5.859,43.6536],[-5.8522,43.663],[-5.8363,43.6622],[-5.8038,43.6505],[-5.7823,43.637],[-5.7274,43.5895],[-5.7089,43.5686],[-5.702,43.5686],[-5.6968,43.5828],[-5.6892,43.5786],[-5.6775,43.5611],[-5.6256,43.555],[-5.4242,43.5611],[-5.3939,43.5552],[-5.3907,43.5413],[-5.4036,43.5254],[-5.4208,43.5134],[-5.4139,43.5065],[-5.4037,43.5111],[-5.3826,43.5164],[-5.3724,43.5202],[-5.3651,43.5267],[-5.3622,43.5334],[-5.3568,43.5386],[-5.3419,43.5406],[-5.2999,43.5377],[-5.284,43.5335],[-5.2119,43.4984],[-5.1779,43.4894],[-5.0917,43.4863],[-5.0677,43.4814],[-5.057,43.4686],[-5.045,43.4743],[-4.9752,43.4588],[-4.9671,43.4609],[-4.9525,43.4701],[-4.941,43.4717],[-4.9302,43.4695],[-4.9076,43.4606],[-4.8365,43.4498],[-4.755,43.4217],[-4.7349,43.4171],[-4.5123,43.4027],[-4.5082,43.4025],[-4.4817,43.3836],[-4.4608,43.3987],[-4.4325,43.4026],[-4.4049,43.397],[-4.3856,43.3836],[-4.3793,43.3836],[-4.3688,43.3962],[-4.3594,43.3997],[-4.3128,43.3958],[-4.1886,43.4054],[-4.161,43.4212],[-4.0977,43.4356],[-4.074,43.4383],[-4.0292,43.4383],[-4.0234,43.4409],[-4.0226,43.4457],[-4.0209,43.4504],[-4.0128,43.4525],[-4.0057,43.4508],[-3.9814,43.4383],[-3.9765,43.4429],[-3.972,43.4442],[-3.9672,43.4442],[-3.961,43.4451],[-3.9654,43.4468],[-3.9746,43.4525],[-3.9746,43.4588],[-3.9401,43.4771],[-3.9227,43.4826],[-3.9063,43.4792],[-3.8938,43.4849],[-3.8909,43.4837],[-3.8859,43.4792],[-3.8568,43.4924],[-3.8267,43.497],[-3.797,43.4927],[-3.7692,43.4792],[-3.8127,43.4649],[-3.831,43.456],[-3.8443,43.4451],[-3.8339,43.4359],[-3.8293,43.4331],[-3.8238,43.4308],[-3.8273,43.43],[-3.83,43.4301],[-3.8315,43.4291],[-3.8313,43.4246],[-3.8202,43.4243],[-3.8112,43.4255],[-3.7965,43.4308],[-3.7895,43.4359],[-3.7762,43.4497],[-3.7723,43.4525],[-3.7635,43.4503],[-3.7541,43.4405],[-3.745,43.4383],[-3.7407,43.4423],[-3.743,43.4514],[-3.7489,43.4607],[-3.7555,43.4655],[-3.7555,43.4717],[-3.7415,43.4702],[-3.7357,43.4688],[-3.7289,43.4655],[-3.7272,43.4705],[-3.7258,43.4705],[-3.7214,43.4717],[-3.7289,43.4792],[-3.7179,43.4827],[-3.6884,43.4842],[-3.677,43.4894],[-3.6671,43.4966],[-3.6561,43.5007],[-3.5794,43.5183],[-3.5544,43.5169],[-3.5563,43.4997],[-3.5391,43.499],[-3.5256,43.4916],[-3.5147,43.4832],[-3.5054,43.4792],[-3.4366,43.4705],[-3.4315,43.4669],[-3.4283,43.4617],[-3.4272,43.4556],[-3.4286,43.4468],[-3.4326,43.4454],[-3.4389,43.4466],[-3.447,43.4451],[-3.4512,43.4477],[-3.4606,43.4522],[-3.47,43.4542],[-3.4744,43.4488],[-3.4778,43.4431],[-3.4858,43.4376],[-3.5017,43.4308],[-3.4818,43.428],[-3.4704,43.4168],[-3.4611,43.4125],[-3.447,43.4308],[-3.4362,43.419],[-3.4222,43.4181],[-3.3925,43.4246],[-3.378,43.4226],[-3.3303,43.4103],[-3.269,43.4041],[-3.2235,43.3916],[-3.2105,43.3898],[-3.2,43.3855],[-3.1769,43.3662],[-3.1509,43.3602],[-3.1315,43.3558],[-3.1124,43.3541],[-3.0895,43.3669],[-3.0579,43.3524],[-3.0082,43.3209],[-3.0082,43.3284],[-3.02,43.3526],[-3.0234,43.3649],[-3.0293,43.3721],[-3.0293,43.3762],[-3.0243,43.3809],[-3.011,43.3841],[-2.9994,43.3944],[-2.9559,43.4138],[-2.9399,43.4171],[-2.9399,43.4246],[-2.9467,43.4246],[-2.9467,43.4308],[-2.9301,43.4379],[-2.9053,43.4399],[-2.8542,43.4383],[-2.807,43.4417],[-2.786,43.4479],[-2.7686,43.4525],[-2.7558,43.4503],[-2.7349,43.4388],[-2.7152,43.4245],[-2.7065,43.4137],[-2.6949,43.3886],[-2.691,43.3675],[-2.687,43.3714],[-2.6793,43.3898],[-2.6785,43.3946],[-2.6788,43.4006],[-2.6778,43.4062],[-2.673,43.4103],[-2.6612,43.4119],[-2.6493,43.4095],[-2.6381,43.406],[-2.6069,43.4019],[-2.5489,43.3836],[-2.506,43.3771],[-2.4835,43.3706],[-2.4644,43.3492],[-2.3674,43.3157],[-2.3271,43.3068],[-2.2847,43.3035],[-2.2411,43.3072],[-2.2079,43.314],[-2.1963,43.3148],[-2.1904,43.3116],[-2.1835,43.3045],[-2.1745,43.2974],[-2.1622,43.2943],[-2.1596,43.2954],[-2.1563,43.2977],[-2.1515,43.3],[-2.1448,43.3011],[-2.14,43.2989],[-2.1378,43.2942],[-2.1348,43.2896],[-2.1278,43.2874],[-2.0989,43.3041],[-2.0864,43.3072],[-2.0655,43.3096],[-1.9946,43.3284],[-1.9718,43.3392],[-1.9604,43.3431],[-1.9456,43.3426],[-1.9337,43.3356],[-1.9266,43.3259],[-1.9187,43.321],[-1.9047,43.3284],[-1.9102,43.3314],[-1.9189,43.3386],[-1.9257,43.3426],[-1.8849,43.356],[-1.8474,43.3809],[-1.8113,43.3951],[-1.7941,43.386]]],[[[1.9834,42.4413],[1.9606,42.4437],[1.9475,42.4512],[1.9456,42.4638],[1.9566,42.4818],[1.968,42.4857],[1.9783,42.475],[1.9884,42.4582],[1.9995,42.4439],[1.9961,42.4428],[1.9862,42.4413],[1.9834,42.4413]]],[[[4.3029,39.9255],[4.3073,39.9105],[4.3288,39.8835],[4.3371,39.8672],[4.3303,39.8672],[4.3263,39.8734],[4.3198,39.8792],[4.3118,39.8842],[4.3029,39.8876],[4.3001,39.8218],[4.2481,39.8165],[4.1772,39.8433],[4.0151,39.9258],[3.9814,39.9361],[3.9413,39.9368],[3.8693,39.9255],[3.8307,39.9361],[3.8349,39.948],[3.8357,39.9624],[3.8391,39.9756],[3.8505,39.9839],[3.8424,39.9894],[3.822,39.9951],[3.8129,40.0012],[3.8034,40.0132],[3.8032,40.0181],[3.8071,40.0233],[3.8095,40.0354],[3.8219,40.0476],[3.8915,40.0596],[3.9155,40.052],[4.0119,40.0596],[4.052,40.0582],[4.0634,40.0596],[4.0776,40.0643],[4.0943,40.0747],[4.1051,40.0794],[4.1078,40.0676],[4.1168,40.0596],[4.1391,40.0459],[4.137,40.043],[4.1349,40.0357],[4.1354,40.0282],[4.1423,40.0248],[4.1485,40.0278],[4.1559,40.0347],[4.1658,40.0459],[4.1638,40.0606],[4.1705,40.0646],[4.1765,40.0592],[4.1726,40.0459],[4.1786,40.0388],[4.2067,40.0248],[4.2125,40.0172],[4.2169,40.0126],[4.2272,40.0049],[4.2327,40.0027],[4.2475,40.0004],[4.2546,39.9975],[4.2649,39.9864],[4.2734,39.97],[4.2724,39.9553],[4.2546,39.9497],[4.2701,39.9438],[4.2859,39.9446],[4.298,39.942],[4.3029,39.9255]]],[[[-2.6654,51.6173],[-2.6938,51.5962],[-2.7131,51.5866],[-2.7605,51.5798],[-2.7981,51.5635],[-2.8164,51.5556],[-2.8587,51.5461],[-2.9433,51.5425],[-2.9563,51.5457],[-2.9641,51.5528],[-2.9695,51.5599],[-2.9747,51.563],[-2.984,51.5585],[-3.0102,51.538],[-3.0157,51.5316],[-3.0737,51.5084],[-3.0765,51.5078],[-3.0889,51.5051],[-3.1056,51.4972],[-3.1317,51.4804],[-3.1351,51.4763],[-3.1409,51.4648],[-3.1454,51.4599],[-3.1524,51.4572],[-3.1667,51.456],[-3.1724,51.4533],[-3.1727,51.4531],[-3.1601,51.4318],[-3.1671,51.4105],[-3.1848,51.3976],[-3.204,51.4016],[-3.2189,51.4028],[-3.2894,51.3842],[-3.5392,51.3985],[-3.5574,51.4051],[-3.5753,51.4204],[-3.6047,51.4457],[-3.6632,51.4762],[-3.677,51.477],[-3.6954,51.4715],[-3.7179,51.4786],[-3.7376,51.4909],[-3.748,51.5009],[-3.7494,51.5054],[-3.7477,51.507],[-3.7445,51.5076],[-3.7419,51.5084],[-3.7493,51.5281],[-3.7519,51.5331],[-3.7589,51.5468],[-3.7701,51.5633],[-3.7822,51.5766],[-3.7903,51.582],[-3.8077,51.5892],[-3.817,51.5965],[-3.8327,51.6155],[-3.8416,51.6215],[-3.8549,51.6238],[-3.8868,51.6214],[-3.9624,51.6156],[-3.9766,51.6119],[-3.99,51.6065],[-3.9988,51.6003],[-3.9999,51.5909],[-3.9923,51.5811],[-3.9818,51.5716],[-3.9746,51.563],[-4.0162,51.563],[-4.0161,51.5604],[-4.0208,51.5559],[-4.0265,51.554],[-4.0292,51.5593],[-4.032,51.5631],[-4.0386,51.5662],[-4.0465,51.5684],[-4.0531,51.5692],[-4.0563,51.567],[-4.0656,51.5576],[-4.0702,51.5556],[-4.0768,51.557],[-4.0873,51.5619],[-4.1121,51.5656],[-4.1217,51.566],[-4.1322,51.563],[-4.1427,51.557],[-4.1568,51.5463],[-4.1664,51.5425],[-4.1765,51.5443],[-4.1877,51.5488],[-4.1968,51.5494],[-4.2006,51.5388],[-4.2134,51.5391],[-4.2725,51.5548],[-4.2899,51.5556],[-4.2933,51.5591],[-4.2952,51.562],[-4.2974,51.5692],[-4.2783,51.5782],[-4.2808,51.5888],[-4.2897,51.6015],[-4.2899,51.617],[-4.2558,51.6238],[-4.252,51.6271],[-4.2413,51.6394],[-4.2347,51.645],[-4.2285,51.6374],[-4.2347,51.6374],[-4.2347,51.6313],[-4.2279,51.6281],[-4.221,51.6238],[-4.1901,51.6303],[-4.139,51.6323],[-4.0913,51.6399],[-4.0702,51.6623],[-4.0698,51.6689],[-4.0704,51.6743],[-4.0705,51.676],[-4.0754,51.6778],[-4.0873,51.6688],[-4.0954,51.6651],[-4.1068,51.6643],[-4.1464,51.6671],[-4.2006,51.6859],[-4.215,51.6797],[-4.2937,51.6723],[-4.3153,51.6775],[-4.3424,51.6909],[-4.3664,51.7085],[-4.3793,51.7269],[-4.338,51.7233],[-4.32,51.7248],[-4.3105,51.7337],[-4.3287,51.733],[-4.3472,51.7358],[-4.3625,51.7429],[-4.3718,51.7548],[-4.3688,51.757],[-4.3629,51.7639],[-4.358,51.7731],[-4.3582,51.7821],[-4.3651,51.789],[-4.3715,51.786],[-4.3793,51.7753],[-4.3849,51.7719],[-4.393,51.7637],[-4.3992,51.7616],[-4.4093,51.7632],[-4.4179,51.7679],[-4.4265,51.7753],[-4.4458,51.7733],[-4.4493,51.7663],[-4.4414,51.7568],[-4.4265,51.7473],[-4.4608,51.7358],[-4.4989,51.7348],[-4.5742,51.7412],[-4.6034,51.7392],[-4.6392,51.7332],[-4.6454,51.7321],[-4.6782,51.7174],[-4.6803,51.6927],[-4.6894,51.6916],[-4.6916,51.6899],[-4.6916,51.686],[-4.694,51.6784],[-4.7123,51.6501],[-4.7214,51.652],[-4.7349,51.6592],[-4.7419,51.6561],[-4.7592,51.645],[-4.8483,51.6463],[-4.8635,51.6441],[-4.879,51.6374],[-4.8878,51.63],[-4.8957,51.6211],[-4.9048,51.6138],[-4.9237,51.6086],[-4.932,51.599],[-4.941,51.5965],[-4.946,51.5976],[-4.9565,51.6028],[-5.0216,51.616],[-5.0458,51.6269],[-5.0366,51.6374],[-5.0512,51.6569],[-5.1005,51.6647],[-5.1197,51.6784],[-5.1134,51.6853],[-5.0366,51.6784],[-5.0387,51.6818],[-5.0413,51.6894],[-5.0434,51.6927],[-5.0287,51.6929],[-5.0026,51.6874],[-4.9882,51.6859],[-4.9746,51.6879],[-4.941,51.7001],[-4.8926,51.7064],[-4.8683,51.7168],[-4.8581,51.7183],[-4.8448,51.7138],[-4.8448,51.72],[-4.8734,51.7377],[-4.879,51.762],[-4.8625,51.7824],[-4.8243,51.7883],[-4.8243,51.7957],[-4.836,51.7907],[-4.865,51.7833],[-4.9213,51.78],[-4.9336,51.7753],[-4.9172,51.7753],[-4.9052,51.7712],[-4.9005,51.7621],[-4.9062,51.7473],[-4.8921,51.7394],[-4.8957,51.7282],[-4.9106,51.7182],[-4.9882,51.7069],[-5.0099,51.7064],[-5.1492,51.7181],[-5.1669,51.7138],[-5.157,51.6976],[-5.1686,51.6889],[-5.1829,51.6893],[-5.1807,51.7001],[-5.1807,51.7064],[-5.2301,51.73],[-5.2495,51.7337],[-5.2281,51.734],[-5.2139,51.7357],[-5.2029,51.7408],[-5.1912,51.751],[-5.1768,51.7597],[-5.1432,51.7639],[-5.126,51.7685],[-5.1103,51.7785],[-5.1071,51.7881],[-5.1123,51.8132],[-5.1134,51.8288],[-5.1175,51.8437],[-5.1259,51.856],[-5.1396,51.864],[-5.1465,51.8572],[-5.1644,51.8668],[-5.2038,51.8702],[-5.2216,51.8777],[-5.2358,51.871],[-5.2914,51.864],[-5.3109,51.864],[-5.3043,51.8676],[-5.2974,51.8702],[-5.2974,51.8777],[-5.3007,51.882],[-5.3026,51.8852],[-5.3002,51.8883],[-5.2905,51.892],[-5.2905,51.8981],[-5.2983,51.911],[-5.2889,51.9169],[-5.2528,51.9186],[-5.2342,51.923],[-5.2042,51.9423],[-5.1912,51.9466],[-5.1604,51.9494],[-5.1195,51.9589],[-5.088,51.976],[-5.085,52.0019],[-5.0708,52.0019],[-5.0708,52.008],[-5.0828,52.0145],[-5.0812,52.0212],[-5.0702,52.0264],[-5.0537,52.0285],[-5.0266,52.0274],[-5.015,52.0253],[-4.9617,52.0075],[-4.9425,52.0075],[-4.9137,52.0148],[-4.9205,52.0285],[-4.9016,52.0264],[-4.8632,52.017],[-4.8414,52.0148],[-4.8323,52.019],[-4.8339,52.0288],[-4.8383,52.0401],[-4.838,52.049],[-4.8304,52.0529],[-4.797,52.0565],[-4.7776,52.0649],[-4.7632,52.0759],[-4.7387,52.1008],[-4.7203,52.1133],[-4.7065,52.1135],[-4.6735,52.0974],[-4.6757,52.1269],[-4.6375,52.1385],[-4.5138,52.1357],[-4.5023,52.1384],[-4.4958,52.1435],[-4.491,52.1504],[-4.4843,52.1563],[-4.4547,52.1621],[-4.4348,52.1704],[-4.4154,52.1815],[-4.3856,52.2034],[-4.3712,52.2093],[-4.3547,52.2121],[-4.3343,52.2128],[-4.3158,52.2163],[-4.1971,52.2793],[-4.1391,52.3302],[-4.1096,52.3653],[-4.0963,52.3879],[-4.0874,52.4301],[-4.079,52.453],[-4.0679,52.4736],[-4.0565,52.4879],[-4.0618,52.4971],[-4.064,52.5092],[-4.0626,52.521],[-4.0565,52.5294],[-4.0485,52.5305],[-4.0266,52.5234],[-4.0162,52.522],[-3.9988,52.5259],[-3.9473,52.5493],[-3.9473,52.5567],[-3.9745,52.5565],[-4.0259,52.5454],[-4.0531,52.5424],[-4.0685,52.5501],[-4.1141,52.5886],[-4.1255,52.6039],[-4.1222,52.6287],[-4.1059,52.6535],[-4.0848,52.6727],[-4.0671,52.6802],[-4.0635,52.6831],[-4.0588,52.6966],[-4.0565,52.7007],[-4.0527,52.7022],[-4.042,52.7047],[-4.0011,52.7241],[-3.9883,52.7343],[-4.0147,52.7323],[-4.032,52.7239],[-4.0488,52.7216],[-4.1252,52.7783],[-4.1444,52.8028],[-4.149,52.8121],[-4.1462,52.8202],[-4.1289,52.8236],[-4.1173,52.8308],[-4.1198,52.8463],[-4.1278,52.8617],[-4.1322,52.8683],[-4.132,52.8825],[-4.1299,52.8892],[-4.1236,52.8933],[-4.064,52.9192],[-4.0714,52.9211],[-4.0746,52.9228],[-4.0776,52.9267],[-4.0891,52.9188],[-4.1005,52.9141],[-4.1106,52.9157],[-4.1186,52.9267],[-4.1444,52.9148],[-4.1716,52.9135],[-4.2285,52.9192],[-4.3007,52.9056],[-4.3173,52.8994],[-4.3373,52.892],[-4.4066,52.8925],[-4.4272,52.886],[-4.4462,52.8759],[-4.4817,52.8509],[-4.4779,52.8483],[-4.4755,52.8441],[-4.4914,52.8382],[-4.501,52.8268],[-4.5013,52.8139],[-4.4891,52.8032],[-4.5019,52.795],[-4.5092,52.7914],[-4.5165,52.7895],[-4.5286,52.7905],[-4.5425,52.8007],[-4.564,52.8052],[-4.5831,52.8146],[-4.5946,52.8168],[-4.6065,52.8151],[-4.6135,52.8111],[-4.6192,52.8065],[-4.6263,52.8032],[-4.6486,52.7996],[-4.7045,52.8032],[-4.7193,52.7975],[-4.7332,52.7875],[-4.7474,52.7834],[-4.7628,52.7895],[-4.7525,52.7988],[-4.7515,52.8032],[-4.7554,52.8093],[-4.7493,52.8143],[-4.7349,52.8305],[-4.5961,52.9284],[-4.581,52.9335],[-4.5621,52.9345],[-4.5435,52.9379],[-4.524,52.9442],[-4.4434,52.9822],[-4.4237,53.0026],[-4.3582,53.0285],[-4.35,53.0415],[-4.3457,53.0595],[-4.3439,53.1011],[-4.3409,53.1127],[-4.3343,53.1168],[-4.3276,53.1147],[-4.3247,53.1079],[-4.3207,53.1015],[-4.3122,53.1094],[-4.3048,53.121],[-4.3036,53.1253],[-4.2635,53.1545],[-4.2523,53.1594],[-4.2345,53.164],[-4.2213,53.175],[-4.2006,53.201],[-4.178,53.2176],[-4.1515,53.2281],[-4.1222,53.2335],[-4.0907,53.2352],[-4.0823,53.2335],[-4.0743,53.2307],[-4.0669,53.2291],[-4.0541,53.2344],[-4.0323,53.2407],[-4.0089,53.2445],[-3.9746,53.2618],[-3.8653,53.2891],[-3.8313,53.2891],[-3.8414,53.3074],[-3.8708,53.3256],[-3.8784,53.3376],[-3.86,53.3363],[-3.8406,53.3328],[-3.823,53.3266],[-3.8101,53.3171],[-3.7905,53.3234],[-3.7689,53.3192],[-3.7482,53.3078],[-3.7319,53.2929],[-3.7163,53.2869],[-3.6022,53.2889],[-3.5623,53.2944],[-3.3721,53.3509],[-3.3303,53.3518],[-3.2924,53.3405],[-3.2713,53.3306],[-3.2621,53.3205],[-3.2508,53.3126],[-3.1222,53.2623],[-3.1075,53.2519],[-3.0951,53.2393],[-3.0878,53.2347],[-3.0845,53.2386],[-3.0845,53.2586],[-3.0845,53.2755],[-3.0959,53.2871],[-3.1112,53.3028],[-3.1354,53.3338],[-3.1715,53.3623],[-3.1852,53.3773],[-3.1864,53.3928],[-3.1755,53.4027],[-3.1573,53.4088],[-3.1147,53.4127],[-3.0942,53.4174],[-3.0583,53.4348],[-3.0356,53.4337],[-3.0122,53.4167],[-2.953,53.3239],[-2.9351,53.3095],[-2.9106,53.2963],[-2.8815,53.2884],[-2.8506,53.2891],[-2.8496,53.2912],[-2.8484,53.2956],[-2.845,53.3001],[-2.8376,53.3028],[-2.8286,53.3024],[-2.8134,53.2978],[-2.8061,53.2966],[-2.7898,53.2974],[-2.7755,53.2999],[-2.7481,53.3096],[-2.7537,53.3225],[-2.7509,53.3316],[-2.7432,53.3385],[-2.7345,53.3444],[-2.7261,53.342],[-2.7174,53.3427],[-2.7086,53.3461],[-2.6998,53.3518],[-2.7141,53.3524],[-2.7644,53.3452],[-2.7754,53.341],[-2.7824,53.3264],[-2.7998,53.321],[-2.8103,53.3217],[-2.8437,53.3239],[-2.8865,53.3336],[-2.925,53.35],[-2.9569,53.3706],[-2.9808,53.3928],[-3.0966,53.5443],[-3.1019,53.5581],[-3.0995,53.572],[-3.0876,53.5877],[-3.0218,53.6528],[-2.9687,53.694],[-2.9604,53.6976],[-2.9517,53.7081],[-2.9114,53.725],[-2.899,53.7354],[-2.9849,53.7361],[-3.0215,53.7458],[-3.0492,53.7695],[-3.0564,53.803],[-3.0449,53.8785],[-3.0566,53.9062],[-3.0407,53.9235],[-3.0176,53.932],[-2.9257,53.9527],[-2.9093,53.9538],[-2.8961,53.9477],[-2.8885,53.946],[-2.8854,53.9505],[-2.882,53.9565],[-2.8742,53.9617],[-2.8651,53.9655],[-2.858,53.9676],[-2.8693,53.9788],[-2.8345,53.9998],[-2.8301,54.016],[-2.8475,54.0084],[-2.8649,54.0043],[-2.8955,54.0023],[-2.9003,54.005],[-2.9161,54.0266],[-2.9182,54.0343],[-2.9113,54.04],[-2.9008,54.0449],[-2.8921,54.0501],[-2.8727,54.0716],[-2.8589,54.081],[-2.8268,54.0888],[-2.8152,54.0988],[-2.796,54.1252],[-2.8128,54.1399],[-2.8364,54.1676],[-2.8509,54.1846],[-2.8542,54.1941],[-2.8329,54.199],[-2.8103,54.2119],[-2.7952,54.2295],[-2.796,54.2487],[-2.8028,54.2487],[-2.8066,54.2337],[-2.8209,54.2217],[-2.8506,54.2077],[-2.8864,54.1963],[-2.9047,54.1876],[-2.9127,54.177],[-2.9204,54.1621],[-2.9392,54.1551],[-2.9842,54.1531],[-2.9977,54.1596],[-3.0113,54.1741],[-3.0173,54.1901],[-3.0082,54.2003],[-3.0154,54.2119],[-3.0245,54.2216],[-3.0358,54.226],[-3.0492,54.2221],[-3.0447,54.2083],[-3.0478,54.1943],[-3.0535,54.1813],[-3.0566,54.1702],[-3.061,54.1619],[-3.0907,54.1395],[-3.1077,54.1186],[-3.1179,54.1088],[-3.1453,54.1],[-3.1475,54.0887],[-3.1444,54.0751],[-3.1454,54.0638],[-3.1805,54.0928],[-3.1898,54.0979],[-3.2057,54.0985],[-3.2196,54.1008],[-3.2311,54.1051],[-3.241,54.1121],[-3.2381,54.1276],[-3.2325,54.1447],[-3.2331,54.1592],[-3.2484,54.1668],[-3.2484,54.1737],[-3.2152,54.1798],[-3.2068,54.2089],[-3.2091,54.2427],[-3.2074,54.263],[-3.2231,54.2576],[-3.2314,54.2472],[-3.241,54.2221],[-3.2322,54.2025],[-3.2471,54.1979],[-3.2701,54.1991],[-3.286,54.1972],[-3.3068,54.1919],[-3.3285,54.2047],[-3.3645,54.2425],[-3.3942,54.2644],[-3.4074,54.2777],[-3.4129,54.2938],[-3.4104,54.3015],[-3.406,54.3096],[-3.4041,54.3185],[-3.4114,54.3327],[-3.4134,54.343],[-3.4163,54.3449],[-3.4402,54.3518],[-3.4743,54.3935],[-3.4977,54.4058],[-3.5919,54.4831],[-3.6081,54.4883],[-3.6132,54.4916],[-3.6237,54.5061],[-3.6342,54.5129],[-3.6268,54.5204],[-3.6162,54.5276],[-3.6116,54.5299],[-3.5903,54.5646],[-3.5638,54.6428],[-3.5301,54.6881],[-3.516,54.7129],[-3.5092,54.7217],[-3.5007,54.726],[-3.4789,54.7309],[-3.4681,54.7353],[-3.4554,54.745],[-3.4396,54.7615],[-3.431,54.7805],[-3.4402,54.7974],[-3.4075,54.856],[-3.3879,54.8834],[-3.3645,54.8998],[-3.345,54.9025],[-3.3334,54.8973],[-3.3227,54.8899],[-3.3065,54.8862],[-3.2957,54.8869],[-3.2546,54.8998],[-3.2673,54.9055],[-3.3173,54.9203],[-3.2915,54.9367],[-3.2765,54.9434],[-3.2136,54.9544],[-3.201,54.9522],[-3.1937,54.9486],[-3.188,54.9445],[-3.1802,54.9408],[-3.1428,54.9335],[-3.1228,54.9327],[-3.0395,54.9472],[-3.0218,54.9544],[-3.0907,54.9544],[-3.0907,54.9612],[-3.0715,54.9631],[-3.0562,54.9688],[-3.0409,54.9725],[-3.0218,54.9681],[-3.0218,54.9755],[-3.0463,54.9821],[-3.0503,54.9815],[-3.1354,54.9681],[-3.4538,54.9818],[-3.4707,54.9844],[-3.4862,54.9895],[-3.501,54.9925],[-3.5153,54.9892],[-3.5124,54.9871],[-3.5115,54.9869],[-3.5109,54.986],[-3.5092,54.9818],[-3.526,54.9771],[-3.5419,54.9807],[-3.5705,54.9954],[-3.5836,54.9681],[-3.5757,54.9573],[-3.5706,54.9376],[-3.5688,54.916],[-3.5705,54.8998],[-3.5817,54.8836],[-3.5984,54.878],[-3.6918,54.8832],[-3.7176,54.8808],[-3.7392,54.8598],[-3.8101,54.8663],[-3.8079,54.8611],[-3.8068,54.8609],[-3.8033,54.8589],[-3.8124,54.8552],[-3.8198,54.8559],[-3.8261,54.8599],[-3.8313,54.8663],[-3.82,54.8786],[-3.8151,54.8771],[-3.8101,54.8725],[-3.8116,54.88],[-3.8132,54.8831],[-3.817,54.8862],[-3.8288,54.875],[-3.8443,54.8663],[-3.8398,54.8559],[-3.8375,54.852],[-3.8441,54.851],[-3.8579,54.8445],[-3.8238,54.8247],[-3.8336,54.8201],[-3.8857,54.8065],[-3.9642,54.7719],[-4.0117,54.7682],[-4.0429,54.7695],[-4.0429,54.7769],[-4.0468,54.778],[-4.0502,54.7786],[-4.0533,54.78],[-4.0558,54.7825],[-4.053,54.7855],[-4.0502,54.789],[-4.0497,54.79],[-4.0517,54.8],[-4.0477,54.8131],[-4.05,54.8232],[-4.0636,54.8269],[-4.064,54.8315],[-4.0786,54.8241],[-4.0901,54.8098],[-4.0935,54.7927],[-4.0839,54.7769],[-4.123,54.773],[-4.1739,54.7923],[-4.2091,54.8262],[-4.2006,54.8663],[-4.2154,54.861],[-4.2397,54.843],[-4.2558,54.8383],[-4.2707,54.8394],[-4.3453,54.8602],[-4.3569,54.8655],[-4.3656,54.8725],[-4.3752,54.8869],[-4.3799,54.8979],[-4.3868,54.9048],[-4.4029,54.9073],[-4.409,54.903],[-4.4168,54.8928],[-4.4236,54.8804],[-4.4265,54.8695],[-4.4172,54.8459],[-4.4094,54.8312],[-4.4029,54.8247],[-4.3867,54.8242],[-4.3724,54.8218],[-4.3596,54.8166],[-4.3476,54.8073],[-4.3445,54.7945],[-4.3532,54.7831],[-4.3581,54.771],[-4.3439,54.7564],[-4.3565,54.7419],[-4.3533,54.7209],[-4.3481,54.702],[-4.3547,54.6938],[-4.3603,54.6916],[-4.3653,54.687],[-4.3719,54.6823],[-4.3824,54.6801],[-4.4053,54.6821],[-4.4265,54.6876],[-4.4518,54.6988],[-4.4612,54.7012],[-4.4967,54.7006],[-4.5056,54.7047],[-4.5636,54.7564],[-4.5967,54.7753],[-4.7145,54.8179],[-4.7596,54.8253],[-4.7811,54.8331],[-4.7996,54.8613],[-4.821,54.8666],[-4.8591,54.8663],[-4.883,54.8601],[-4.9059,54.8498],[-4.9258,54.8374],[-4.941,54.8247],[-4.9496,54.8158],[-4.9537,54.81],[-4.9548,54.8048],[-4.9547,54.7974],[-4.9529,54.789],[-4.9479,54.7773],[-4.9403,54.767],[-4.9302,54.7626],[-4.9232,54.7519],[-4.9119,54.7282],[-4.896,54.7045],[-4.8673,54.6901],[-4.8669,54.6815],[-4.8721,54.6633],[-4.8724,54.654],[-4.8721,54.6492],[-4.8591,54.633],[-4.8806,54.6362],[-4.9235,54.6497],[-4.9441,54.6528],[-4.9537,54.6597],[-4.9599,54.6755],[-4.959,54.692],[-4.9473,54.7012],[-4.9548,54.7075],[-4.9589,54.7141],[-4.9591,54.7209],[-4.9547,54.7285],[-4.9734,54.7297],[-4.9816,54.7316],[-4.9882,54.7353],[-4.9927,54.7443],[-4.9971,54.7584],[-5.0033,54.7713],[-5.013,54.7769],[-5.0332,54.7824],[-5.1282,54.8489],[-5.1571,54.8791],[-5.1755,54.9146],[-5.1807,54.9544],[-5.1776,54.9905],[-5.1708,55.0087],[-5.1567,55.0165],[-5.1356,55.0159],[-5.1246,55.0168],[-5.1197,55.0199],[-5.1151,55.0316],[-5.1052,55.0262],[-5.0955,55.0151],[-5.0919,55.0097],[-5.0769,54.9956],[-5.0695,54.986],[-5.0646,54.9755],[-5.0638,54.9646],[-5.0653,54.9403],[-5.0609,54.9311],[-5.0475,54.9203],[-5.031,54.9113],[-5.0131,54.9096],[-4.9956,54.9203],[-4.9923,54.9243],[-4.9882,54.9277],[-4.9882,54.9346],[-5.0241,54.9764],[-5.0298,54.9855],[-5.0325,54.9937],[-5.033,54.9953],[-5.047,55.0151],[-5.0503,55.0268],[-5.0497,55.049],[-5.0476,55.0557],[-5.0434,55.0643],[-5.0258,55.0887],[-5.019,55.1022],[-5.0162,55.1226],[-5.0078,55.1412],[-4.9883,55.1527],[-4.9473,55.1679],[-4.8824,55.2186],[-4.8776,55.2209],[-4.8673,55.2225],[-4.8653,55.2257],[-4.8656,55.2363],[-4.8648,55.2414],[-4.8419,55.2751],[-4.838,55.284],[-4.8372,55.2938],[-4.8398,55.3156],[-4.838,55.325],[-4.8325,55.3311],[-4.7992,55.3547],[-4.7811,55.3635],[-4.7731,55.3694],[-4.7672,55.3791],[-4.7588,55.4023],[-4.7493,55.4138],[-4.717,55.4305],[-4.6505,55.4485],[-4.6263,55.4684],[-4.6178,55.4956],[-4.6268,55.5197],[-4.6508,55.5371],[-4.6872,55.5441],[-4.6662,55.5622],[-4.6665,55.5633],[-4.6711,55.5844],[-4.6927,55.6052],[-4.722,55.6192],[-4.7765,55.6329],[-4.8087,55.6336],[-4.8181,55.6372],[-4.8106,55.6466],[-4.8106,55.654],[-4.8686,55.6756],[-4.901,55.6923],[-4.9205,55.7086],[-4.8763,55.7353],[-4.8611,55.7567],[-4.8653,55.7905],[-4.8717,55.8024],[-4.8778,55.811],[-4.8827,55.8214],[-4.8887,55.8645],[-4.8888,55.8653],[-4.8926,55.8929],[-4.8865,55.9197],[-4.8721,55.9372],[-4.8494,55.9482],[-4.8181,55.9556],[-4.7994,55.9579],[-4.7858,55.957],[-4.7223,55.9401],[-4.7054,55.9385],[-4.694,55.9414],[-4.6725,55.9338],[-4.506,55.9191],[-4.4817,55.9283],[-4.5906,55.9415],[-4.63,55.9463],[-4.6735,55.9619],[-4.7245,55.9984],[-4.765,56.0071],[-4.7834,56.0176],[-4.7992,56.031],[-4.8106,56.0438],[-4.8237,56.0737],[-4.8243,56.0785],[-4.8392,56.0806],[-4.8443,56.073],[-4.8437,56.063],[-4.8376,56.0506],[-4.7902,56.0102],[-4.7789,55.9921],[-4.7853,55.984],[-4.8036,55.9821],[-4.828,55.9823],[-4.8516,55.988],[-4.8623,56.0021],[-4.8654,56.0202],[-4.8669,56.0583],[-4.8654,56.0667],[-4.8263,56.1242],[-4.7554,56.1884],[-4.7509,56.2027],[-4.7555,56.2065],[-4.7663,56.2021],[-4.7799,56.1915],[-4.8373,56.1244],[-4.8517,56.1126],[-4.8731,56.112],[-4.8806,56.1199],[-4.879,56.1505],[-4.8832,56.164],[-4.8935,56.1743],[-4.9071,56.1771],[-4.9205,56.1679],[-4.9091,56.15],[-4.8953,56.1147],[-4.8862,56.0804],[-4.8891,56.0648],[-4.9019,56.0619],[-4.9044,56.0543],[-4.9001,56.0341],[-4.9001,56.0146],[-4.898,56.0012],[-4.8926,55.9897],[-4.9064,55.9857],[-4.9215,55.9887],[-4.9375,55.9938],[-4.9547,55.9966],[-4.9547,55.9897],[-4.942,55.9863],[-4.9289,55.9811],[-4.9184,55.9733],[-4.9137,55.9619],[-4.9174,55.9475],[-4.9272,55.9377],[-4.9387,55.9296],[-4.9473,55.9208],[-4.9521,55.9091],[-4.955,55.8994],[-4.9592,55.8901],[-4.969,55.8799],[-4.9831,55.871],[-4.9947,55.8698],[-5.0264,55.8737],[-5.0425,55.8848],[-5.0568,55.9103],[-5.0668,55.9388],[-5.0708,55.9587],[-5.1108,55.989],[-5.116,56.0017],[-5.1236,56.0099],[-5.1396,56.0028],[-5.1238,55.9863],[-5.0857,55.9319],[-5.0782,55.911],[-5.0865,55.9013],[-5.1056,55.905],[-5.1715,55.9355],[-5.1807,55.9484],[-5.1807,55.9693],[-5.1908,55.9617],[-5.1996,55.9486],[-5.2057,55.9345],[-5.2079,55.9246],[-5.2126,55.9171],[-5.2421,55.8929],[-5.2181,55.8647],[-5.2082,55.8493],[-5.2011,55.8315],[-5.2194,55.8314],[-5.2632,55.8458],[-5.2967,55.8527],[-5.3071,55.8604],[-5.3134,55.8854],[-5.3193,55.8891],[-5.3272,55.8915],[-5.3348,55.8967],[-5.3383,55.9038],[-5.3391,55.913],[-5.3383,55.9314],[-5.3361,55.9392],[-5.3262,55.9503],[-5.324,55.9587],[-5.3258,55.9672],[-5.3383,55.9966],[-5.3136,56.0124],[-5.2045,56.1195],[-5.1465,56.1331],[-5.1046,56.1515],[-5.095,56.1574],[-5.0594,56.2031],[-5.0434,56.2163],[-5.0133,56.2276],[-4.975,56.237],[-4.9401,56.2514],[-4.9205,56.2778],[-4.9381,56.271],[-4.9751,56.248],[-4.9919,56.243],[-5.0327,56.2412],[-5.0495,56.237],[-5.0646,56.2293],[-5.0754,56.217],[-5.0994,56.182],[-5.1089,56.1747],[-5.2281,56.1292],[-5.3109,56.0581],[-5.3199,56.0549],[-5.338,56.0541],[-5.3457,56.0512],[-5.3453,56.0461],[-5.3502,56.0319],[-5.3564,56.0198],[-5.3594,56.0207],[-5.3686,56.0094],[-5.3903,56.0057],[-5.415,56.0069],[-5.4338,56.0102],[-5.4346,56.015],[-5.4347,56.0236],[-5.4371,56.03],[-5.4444,56.0276],[-5.4479,56.0223],[-5.4482,56.0161],[-5.4476,56.0094],[-5.455,55.9556],[-5.4514,55.9534],[-5.4364,55.949],[-5.4308,55.9482],[-5.4208,55.9283],[-5.4167,55.9168],[-5.416,55.9074],[-5.4125,55.8996],[-5.4004,55.8929],[-5.4004,55.8867],[-5.4072,55.8867],[-5.4072,55.8799],[-5.4029,55.8787],[-5.3929,55.8737],[-5.3977,55.8716],[-5.4025,55.8684],[-5.4072,55.8663],[-5.3518,55.8324],[-5.3268,55.8086],[-5.3178,55.783],[-5.3246,55.7692],[-5.3385,55.7626],[-5.3724,55.7564],[-5.3876,55.7503],[-5.4335,55.721],[-5.4446,55.7116],[-5.454,55.7006],[-5.4612,55.6881],[-5.4636,55.6798],[-5.4662,55.6622],[-5.4686,55.654],[-5.4901,55.6446],[-5.4883,55.6403],[-5.4843,55.6357],[-5.4823,55.6329],[-5.4839,55.6101],[-5.4748,55.6039],[-5.4626,55.602],[-5.455,55.5919],[-5.4611,55.5788],[-5.4769,55.5749],[-5.4888,55.5691],[-5.4823,55.5503],[-5.5035,55.5265],[-5.5096,55.5168],[-5.5106,55.5115],[-5.5096,55.4926],[-5.511,55.4844],[-5.5143,55.4839],[-5.5188,55.4852],[-5.5233,55.4827],[-5.5455,55.4492],[-5.5615,55.4355],[-5.5846,55.4274],[-5.5846,55.4212],[-5.5721,55.4223],[-5.5621,55.4199],[-5.5531,55.4145],[-5.5437,55.4069],[-5.5275,55.3843],[-5.5267,55.3803],[-5.515,55.3737],[-5.5251,55.3586],[-5.558,55.3319],[-5.5744,55.322],[-5.5941,55.3131],[-5.6163,55.3066],[-5.64,55.3039],[-5.6495,55.3052],[-5.6691,55.3109],[-5.6809,55.3113],[-5.6914,55.3086],[-5.714,55.2991],[-5.7256,55.2971],[-5.7545,55.2973],[-5.7723,55.3013],[-5.7829,55.3135],[-5.7947,55.3564],[-5.7967,55.3791],[-5.7914,55.3986],[-5.7634,55.4121],[-5.7254,55.4376],[-5.7156,55.4479],[-5.7152,55.4689],[-5.7201,55.4915],[-5.7219,55.5139],[-5.7078,55.5434],[-5.7121,55.5507],[-5.7189,55.5573],[-5.7218,55.5646],[-5.7181,55.5758],[-5.6945,55.6055],[-5.6733,55.6406],[-5.6694,55.6607],[-5.6809,55.6745],[-5.6265,55.7006],[-5.6195,55.712],[-5.6132,55.7258],[-5.5983,55.743],[-5.5812,55.7576],[-5.5679,55.7639],[-5.5392,55.7709],[-5.5046,55.7894],[-5.4735,55.8157],[-5.455,55.8458],[-5.5517,55.7836],[-5.5875,55.7672],[-5.5994,55.7642],[-5.6126,55.7639],[-5.6058,55.7768],[-5.6332,55.7828],[-5.6467,55.7875],[-5.6604,55.7973],[-5.668,55.811],[-5.669,55.8378],[-5.6741,55.8458],[-5.632,55.8818],[-5.6256,55.8898],[-5.6194,55.9031],[-5.6044,55.9136],[-5.5863,55.9233],[-5.571,55.9345],[-5.5935,55.928],[-5.6276,55.9053],[-5.6538,55.8976],[-5.6717,55.8869],[-5.6809,55.8867],[-5.688,55.8934],[-5.6942,55.905],[-5.6964,55.916],[-5.5868,56.012],[-5.5784,56.0245],[-5.5827,56.029],[-5.5766,56.0325],[-5.571,56.0375],[-5.5839,56.0407],[-5.5964,56.0368],[-5.6099,56.03],[-5.6256,56.0245],[-5.6317,56.0059],[-5.6749,55.9777],[-5.6741,55.9556],[-5.6908,55.9376],[-5.6945,55.9345],[-5.7045,55.9368],[-5.7075,55.9426],[-5.7059,55.9497],[-5.702,55.9556],[-5.6964,55.9822],[-5.6599,56.0233],[-5.5846,56.0847],[-5.5815,56.0883],[-5.5801,56.0929],[-5.5775,56.097],[-5.571,56.099],[-5.5646,56.0981],[-5.5565,56.0959],[-5.5507,56.0935],[-5.5505,56.0922],[-5.5478,56.09],[-5.5395,56.0869],[-5.5316,56.0863],[-5.5301,56.0922],[-5.5347,56.0985],[-5.5414,56.1025],[-5.5475,56.1049],[-5.5505,56.1064],[-5.557,56.1222],[-5.5587,56.1308],[-5.5547,56.1374],[-5.5225,56.1658],[-5.5157,56.1747],[-5.5096,56.1884],[-5.5399,56.1834],[-5.5625,56.1679],[-5.5827,56.1506],[-5.6058,56.14],[-5.5994,56.1606],[-5.5864,56.1811],[-5.5694,56.2003],[-5.5505,56.2163],[-5.5594,56.2296],[-5.5472,56.2402],[-5.5256,56.2473],[-5.5062,56.2498],[-5.4947,56.2531],[-5.4928,56.2604],[-5.4993,56.2676],[-5.5127,56.2709],[-5.5543,56.2635],[-5.5631,56.2603],[-5.5726,56.2539],[-5.5823,56.2488],[-5.5922,56.2498],[-5.5981,56.2586],[-5.5956,56.2699],[-5.5846,56.2908],[-5.5726,56.3281],[-5.5627,56.3411],[-5.5437,56.3529],[-5.5252,56.3466],[-5.4982,56.3483],[-5.4481,56.3597],[-5.4481,56.3659],[-5.4722,56.3649],[-5.5154,56.3568],[-5.5375,56.3597],[-5.5173,56.3928],[-5.5096,56.4006],[-5.4989,56.4047],[-5.4861,56.4081],[-5.478,56.4129],[-5.4823,56.4211],[-5.457,56.4409],[-5.4236,56.45],[-5.3229,56.455],[-5.2421,56.4422],[-5.2087,56.4468],[-5.1819,56.4597],[-5.1185,56.5078],[-5.0857,56.5488],[-5.0646,56.5651],[-5.0865,56.5585],[-5.0996,56.5436],[-5.1106,56.5259],[-5.126,56.5105],[-5.1669,56.4901],[-5.1902,56.4687],[-5.2011,56.4621],[-5.2438,56.4592],[-5.3502,56.473],[-5.3781,56.459],[-5.3943,56.4655],[-5.4106,56.5036],[-5.4241,56.5001],[-5.4359,56.4912],[-5.455,56.4695],[-5.4686,56.4757],[-5.4333,56.5236],[-5.4276,56.5378],[-5.4038,56.5246],[-5.3793,56.5192],[-5.3567,56.5197],[-5.3383,56.5242],[-5.2905,56.5447],[-5.265,56.5512],[-5.2526,56.5563],[-5.2421,56.5651],[-5.2756,56.5536],[-5.2868,56.5521],[-5.3068,56.5528],[-5.3109,56.5521],[-5.3277,56.5447],[-5.3387,56.5423],[-5.3603,56.5322],[-5.3724,56.5303],[-5.3843,56.5334],[-5.4005,56.5436],[-5.4139,56.5447],[-5.4109,56.5521],[-5.4073,56.5553],[-5.4027,56.5574],[-5.3966,56.5617],[-5.3927,56.5665],[-5.3893,56.5749],[-5.3866,56.5788],[-5.3607,56.6063],[-5.3519,56.6129],[-5.3109,56.6336],[-5.3045,56.6402],[-5.2985,56.6464],[-5.3178,56.6539],[-5.3178,56.6613],[-5.3091,56.6643],[-5.2868,56.675],[-5.2615,56.6733],[-5.2482,56.6741],[-5.2189,56.6887],[-5.1964,56.6887],[-5.1533,56.6812],[-5.1326,56.6845],[-5.0934,56.699],[-5.0128,56.7093],[-4.9956,56.716],[-5.1606,56.6959],[-5.2383,56.7166],[-5.2385,56.7226],[-5.2284,56.7365],[-5.2221,56.7415],[-5.1547,56.7823],[-5.1364,56.7988],[-5.1197,56.8184],[-5.1791,56.7893],[-5.1875,56.7812],[-5.1918,56.7746],[-5.2023,56.7691],[-5.2147,56.7652],[-5.225,56.7637],[-5.2335,56.7607],[-5.237,56.7534],[-5.2389,56.7445],[-5.2421,56.7365],[-5.2552,56.7216],[-5.2685,56.7131],[-5.2834,56.7094],[-5.301,56.7086],[-5.3098,56.7065],[-5.3192,56.6975],[-5.3402,56.6931],[-5.3484,56.6872],[-5.3594,56.675],[-5.3881,56.6552],[-5.4039,56.6492],[-5.4242,56.647],[-5.4344,56.6429],[-5.4487,56.6246],[-5.4581,56.6203],[-5.4708,56.6184],[-5.4826,56.6133],[-5.4933,56.6064],[-5.5334,56.5729],[-5.5996,56.529],[-5.6674,56.4985],[-5.6741,56.4969],[-5.683,56.5006],[-5.6947,56.5139],[-5.7054,56.5167],[-5.7218,56.5185],[-5.7408,56.5233],[-5.7582,56.53],[-5.7703,56.5378],[-5.7552,56.554],[-5.751,56.562],[-5.7491,56.572],[-5.7567,56.572],[-5.7939,56.5433],[-5.8544,56.5505],[-6.0034,56.6187],[-6.0098,56.6265],[-6.0082,56.6423],[-5.998,56.6499],[-5.9835,56.6528],[-5.9336,56.6547],[-5.899,56.6508],[-5.8669,56.6415],[-5.8392,56.6265],[-5.8317,56.634],[-5.8556,56.6447],[-5.8656,56.6514],[-5.8658,56.6613],[-5.76,56.7008],[-5.7355,56.7023],[-5.6726,56.6841],[-5.6474,56.6812],[-5.5941,56.6833],[-5.5648,56.6876],[-5.5437,56.6955],[-5.6365,56.6887],[-5.6586,56.6907],[-5.7089,56.7086],[-5.75,56.7145],[-5.859,56.6812],[-5.8968,56.6751],[-5.9074,56.675],[-5.9203,56.678],[-5.9427,56.6868],[-5.9556,56.6887],[-6.0249,56.6857],[-6.0986,56.697],[-6.1239,56.6956],[-6.1435,56.6849],[-6.1617,56.6782],[-6.1866,56.6811],[-6.2096,56.6885],[-6.2228,56.6955],[-6.2282,56.7011],[-6.2325,56.7065],[-6.2353,56.7124],[-6.2364,56.7191],[-6.2345,56.7286],[-6.2296,56.7291],[-6.2228,56.7272],[-6.2153,56.7296],[-6.1935,56.7485],[-6.1805,56.7546],[-6.027,56.7637],[-6.0149,56.767],[-5.9799,56.7816],[-5.9652,56.7849],[-5.9482,56.7825],[-5.938,56.7769],[-5.9285,56.77],[-5.9136,56.7637],[-5.8609,56.7508],[-5.8522,56.747],[-5.8533,56.7579],[-5.8581,56.7685],[-5.8684,56.7759],[-5.8863,56.7774],[-5.8863,56.7849],[-5.874,56.7857],[-5.8618,56.7851],[-5.8501,56.7825],[-5.8392,56.7774],[-5.8246,56.7876],[-5.8021,56.7918],[-5.7766,56.788],[-5.7567,56.7849],[-5.8317,56.8054],[-5.8508,56.818],[-5.8512,56.8289],[-5.8375,56.8366],[-5.7339,56.8448],[-5.6927,56.8549],[-5.6604,56.873],[-5.6736,56.8765],[-5.692,56.8753],[-5.7085,56.8706],[-5.7244,56.8538],[-5.7445,56.8542],[-5.7839,56.8599],[-5.7754,56.8699],[-5.7355,56.8941],[-5.7806,56.8987],[-5.8749,56.8872],[-5.9211,56.8941],[-5.8876,56.8991],[-5.8522,56.9003],[-5.8522,56.9077],[-5.8599,56.9105],[-5.8801,56.922],[-5.8625,56.9337],[-5.8514,56.9543],[-5.8425,56.9774],[-5.8317,56.9971],[-5.8141,57.0095],[-5.786,57.0206],[-5.7552,57.0266],[-5.7293,57.0238],[-5.7199,57.0176],[-5.6999,56.9981],[-5.6883,56.9897],[-5.6741,56.9836],[-5.6586,56.9795],[-5.6256,56.9766],[-5.5713,56.9838],[-5.5233,56.9971],[-5.5233,57.004],[-5.5404,57.0012],[-5.5565,56.9961],[-5.5713,56.9933],[-5.5846,56.9971],[-5.6071,56.9885],[-5.6288,56.9919],[-5.6499,56.9997],[-5.6703,57.004],[-5.6855,57.0096],[-5.6817,57.0224],[-5.68,57.0362],[-5.702,57.0449],[-5.7109,57.0442],[-5.7314,57.039],[-5.7423,57.0381],[-5.7526,57.0406],[-5.7696,57.0498],[-5.7802,57.0517],[-5.7911,57.0593],[-5.7762,57.0758],[-5.7345,57.1054],[-5.7226,57.1164],[-5.7156,57.1201],[-5.7033,57.1208],[-5.6737,57.119],[-5.6635,57.1237],[-5.6459,57.1295],[-5.6208,57.1241],[-5.5784,57.1064],[-5.5583,57.1004],[-5.4598,57.0998],[-5.455,57.103],[-5.4474,57.1102],[-5.4308,57.1107],[-5.4143,57.1082],[-5.4072,57.1064],[-5.4004,57.1064],[-5.4004,57.1138],[-5.42,57.1207],[-5.5039,57.1127],[-5.5274,57.1075],[-5.5406,57.1064],[-5.5477,57.1101],[-5.5733,57.1279],[-5.5846,57.1337],[-5.6684,57.1476],[-5.6809,57.1579],[-5.6738,57.175],[-5.6388,57.2024],[-5.6256,57.2163],[-5.6442,57.2332],[-5.6201,57.2521],[-5.5782,57.2668],[-5.5437,57.2709],[-5.5116,57.2576],[-5.4801,57.237],[-5.4463,57.223],[-5.4072,57.2299],[-5.4072,57.2367],[-5.4488,57.2421],[-5.4581,57.2466],[-5.4729,57.2612],[-5.4829,57.268],[-5.4925,57.2709],[-5.5019,57.2777],[-5.4889,57.2924],[-5.4648,57.3066],[-5.4407,57.3118],[-5.4407,57.3193],[-5.465,57.3249],[-5.4818,57.3167],[-5.4943,57.3044],[-5.5062,57.2982],[-5.5234,57.2952],[-5.5585,57.2814],[-5.5784,57.2777],[-5.5994,57.2792],[-5.6374,57.289],[-5.657,57.2913],[-5.7001,57.2836],[-5.7206,57.2845],[-5.7293,57.2982],[-5.7252,57.3016],[-5.702,57.3323],[-5.6938,57.3371],[-5.672,57.3444],[-5.6635,57.3497],[-5.6544,57.3539],[-5.6472,57.3499],[-5.6415,57.3432],[-5.6365,57.3398],[-5.6132,57.342],[-5.5013,57.371],[-5.4567,57.3935],[-5.4481,57.4217],[-5.4651,57.4239],[-5.4921,57.4088],[-5.5375,57.3739],[-5.5635,57.3631],[-5.5867,57.3651],[-5.6109,57.3714],[-5.64,57.3739],[-5.6156,57.3825],[-5.6071,57.3891],[-5.6092,57.3978],[-5.6177,57.4101],[-5.6196,57.4167],[-5.624,57.4164],[-5.64,57.408],[-5.7072,57.3598],[-5.7324,57.3528],[-5.7846,57.3486],[-5.8078,57.3549],[-5.8249,57.3944],[-5.8223,57.3935],[-5.8174,57.3952],[-5.8129,57.3981],[-5.8112,57.4012],[-5.8139,57.4045],[-5.8231,57.4123],[-5.8249,57.4155],[-5.8253,57.4289],[-5.8219,57.4355],[-5.8112,57.4422],[-5.8215,57.4455],[-5.8525,57.4504],[-5.859,57.4527],[-5.8612,57.4634],[-5.8705,57.4808],[-5.8727,57.4937],[-5.8697,57.5009],[-5.8561,57.5178],[-5.8522,57.5241],[-5.8511,57.5384],[-5.8515,57.5511],[-5.8471,57.5589],[-5.8317,57.5588],[-5.8339,57.5634],[-5.837,57.5748],[-5.8392,57.5793],[-5.8214,57.5832],[-5.8036,57.5814],[-5.7864,57.5752],[-5.7326,57.5452],[-5.7156,57.5384],[-5.707,57.5423],[-5.6898,57.5279],[-5.6809,57.5241],[-5.6509,57.5126],[-5.64,57.5111],[-5.6453,57.5167],[-5.6483,57.5219],[-5.6505,57.5268],[-5.6536,57.5316],[-5.5815,57.5384],[-5.5403,57.5345],[-5.5168,57.5349],[-5.5127,57.5415],[-5.5431,57.5554],[-5.5884,57.561],[-5.6327,57.5577],[-5.6604,57.5446],[-5.6945,57.5663],[-5.6892,57.5694],[-5.6809,57.5793],[-5.7142,57.5827],[-5.7317,57.5983],[-5.7443,57.618],[-5.7628,57.634],[-5.7781,57.6374],[-5.7936,57.6386],[-5.8059,57.6426],[-5.8112,57.6551],[-5.8054,57.6672],[-5.785,57.6795],[-5.7908,57.6885],[-5.7908,57.696],[-5.7536,57.7075],[-5.7345,57.708],[-5.705,57.6901],[-5.6925,57.6911],[-5.682,57.6987],[-5.6741,57.7097],[-5.6852,57.7114],[-5.6923,57.7165],[-5.6988,57.7231],[-5.7089,57.7296],[-5.7205,57.7334],[-5.8038,57.7438],[-5.807,57.7546],[-5.8021,57.7806],[-5.8038,57.7922],[-5.8013,57.8004],[-5.8099,57.8206],[-5.8112,57.8332],[-5.8074,57.8439],[-5.8,57.8537],[-5.7895,57.862],[-5.7765,57.8679],[-5.7511,57.8734],[-5.7248,57.8735],[-5.6986,57.8691],[-5.6741,57.8605],[-5.6779,57.8469],[-5.6748,57.8271],[-5.668,57.807],[-5.6604,57.7922],[-5.6505,57.7818],[-5.6374,57.7742],[-5.6221,57.7702],[-5.6058,57.7705],[-5.6133,57.7752],[-5.6179,57.7802],[-5.6256,57.7922],[-5.613,57.7926],[-5.6033,57.7911],[-5.5846,57.7848],[-5.5912,57.8044],[-5.587,57.8186],[-5.5853,57.8314],[-5.599,57.8469],[-5.6376,57.8664],[-5.6504,57.8778],[-5.64,57.8878],[-5.6477,57.889],[-5.6508,57.8908],[-5.6536,57.8947],[-5.644,57.9042],[-5.6208,57.9209],[-5.6126,57.9288],[-5.5982,57.919],[-5.5873,57.9151],[-5.5505,57.9151],[-5.5563,57.8878],[-5.5279,57.8676],[-5.487,57.8559],[-5.455,57.8537],[-5.4612,57.8605],[-5.449,57.8691],[-5.4371,57.8976],[-5.4276,57.9083],[-5.4149,57.9081],[-5.3695,57.8975],[-5.3556,57.8913],[-5.3275,57.8733],[-5.2939,57.862],[-5.2216,57.8469],[-5.2363,57.8608],[-5.2475,57.867],[-5.2768,57.8742],[-5.3207,57.8985],[-5.3849,57.9141],[-5.3929,57.9182],[-5.3944,57.9239],[-5.3968,57.9262],[-5.3973,57.9289],[-5.3929,57.9356],[-5.3865,57.9364],[-5.379,57.9318],[-5.3717,57.9311],[-5.3662,57.9431],[-5.3472,57.9367],[-5.3192,57.9147],[-5.2974,57.9083],[-5.286,57.9088],[-5.267,57.914],[-5.2563,57.9151],[-5.2436,57.9129],[-5.221,57.904],[-5.2113,57.9021],[-5.1988,57.8978],[-5.1623,57.8785],[-5.12,57.868],[-5.0911,57.8403],[-5.0708,57.8332],[-5.0765,57.8385],[-5.0834,57.8476],[-5.0893,57.8572],[-5.0919,57.8642],[-5.0972,57.8709],[-5.1973,57.9179],[-5.2216,57.9213],[-5.2216,57.9288],[-5.2019,57.9287],[-5.194,57.936],[-5.1955,57.9477],[-5.2045,57.9601],[-5.2167,57.9659],[-5.2489,57.9694],[-5.2632,57.9765],[-5.2926,57.9806],[-5.3339,58.0085],[-5.3594,58.0114],[-5.3572,58.0141],[-5.3567,58.0149],[-5.3519,58.0175],[-5.3669,58.0289],[-5.3866,58.0325],[-5.4276,58.0312],[-5.4243,58.0355],[-5.4224,58.039],[-5.4196,58.0421],[-5.4139,58.0455],[-5.4139,58.0523],[-5.447,58.0844],[-5.4281,58.098],[-5.39,58.0922],[-5.3662,58.066],[-5.3443,58.0755],[-5.3229,58.0717],[-5.3008,58.0701],[-5.2768,58.0864],[-5.2831,58.0864],[-5.2781,58.0963],[-5.2788,58.1054],[-5.2836,58.1135],[-5.2905,58.1206],[-5.2768,58.1206],[-5.2768,58.1274],[-5.2974,58.1348],[-5.2841,58.1401],[-5.2555,58.1438],[-5.2421,58.1479],[-5.2421,58.1553],[-5.2751,58.1545],[-5.2908,58.1563],[-5.3048,58.1621],[-5.2974,58.1684],[-5.3048,58.1733],[-5.3131,58.1773],[-5.3219,58.1802],[-5.3315,58.182],[-5.3293,58.1867],[-5.3262,58.1984],[-5.324,58.2031],[-5.3368,58.2032],[-5.3468,58.2069],[-5.3929,58.2447],[-5.3921,58.2614],[-5.3759,58.2642],[-5.3529,58.2589],[-5.3108,58.2434],[-5.2939,58.2409],[-5.277,58.2434],[-5.2373,58.2576],[-5.2161,58.2614],[-5.1943,58.26],[-5.1732,58.2509],[-5.1656,58.2582],[-5.1523,58.2648],[-5.1383,58.2696],[-5.1294,58.2714],[-5.1116,58.2683],[-5.0813,58.2541],[-5.0677,58.2509],[-5.0177,58.2532],[-5.0024,58.2509],[-4.9336,58.223],[-4.9434,58.2336],[-4.9548,58.2398],[-4.982,58.2509],[-4.9689,58.2568],[-4.9403,58.2595],[-4.9267,58.2646],[-4.9902,58.2714],[-5.0099,58.2714],[-5.0181,58.2686],[-5.0294,58.2597],[-5.04,58.2578],[-5.0501,58.2599],[-5.0707,58.2692],[-5.0817,58.2714],[-5.0964,58.2768],[-5.126,58.3002],[-5.1362,58.3056],[-5.1374,58.3093],[-5.1564,58.3246],[-5.1601,58.3266],[-5.1678,58.3393],[-5.171,58.3467],[-5.1732,58.3539],[-5.1533,58.3539],[-5.1634,58.3646],[-5.1629,58.3745],[-5.1559,58.3845],[-5.1465,58.395],[-5.1455,58.4001],[-5.1467,58.4066],[-5.1468,58.4124],[-5.1431,58.4148],[-5.1355,58.4138],[-5.1222,58.4096],[-5.116,58.4086],[-5.058,58.3873],[-5.0162,58.3881],[-5.0439,58.4001],[-5.0534,58.4066],[-5.0503,58.4148],[-5.057,58.4222],[-5.0662,58.4171],[-5.0762,58.4145],[-5.0868,58.4139],[-5.0981,58.4148],[-5.0981,58.4222],[-5.0881,58.4219],[-5.085,58.4222],[-5.085,58.429],[-5.0918,58.4298],[-5.096,58.4315],[-5.1055,58.4365],[-5.0501,58.4538],[-5.0255,58.4477],[-4.9956,58.4365],[-5.1055,58.4874],[-5.1056,58.5056],[-5.1037,58.5142],[-5.0959,58.5189],[-5.0428,58.5355],[-5.028,58.5441],[-5.0162,58.5594],[-5.0229,58.5594],[-5.0152,58.5801],[-5.0116,58.6006],[-5.005,58.6177],[-4.9882,58.6283],[-4.8595,58.6132],[-4.8359,58.605],[-4.8181,58.5929],[-4.8179,58.5876],[-4.8128,58.572],[-4.8068,58.5584],[-4.8038,58.5594],[-4.8046,58.5483],[-4.8072,58.5396],[-4.8116,58.532],[-4.8181,58.5246],[-4.7998,58.5325],[-4.7918,58.5417],[-4.7899,58.5517],[-4.7902,58.5625],[-4.7858,58.5771],[-4.7771,58.5833],[-4.7716,58.5904],[-4.7765,58.6072],[-4.7589,58.5991],[-4.728,58.5775],[-4.7113,58.5731],[-4.6833,58.5615],[-4.6704,58.5594],[-4.66,58.5559],[-4.6593,58.5476],[-4.6632,58.5384],[-4.6673,58.532],[-4.679,58.5239],[-4.7145,58.5056],[-4.7324,58.4805],[-4.7515,58.4616],[-4.761,58.448],[-4.7424,58.4495],[-4.683,58.4846],[-4.6735,58.4874],[-4.6669,58.5029],[-4.6505,58.51],[-4.6304,58.515],[-4.6121,58.5246],[-4.6011,58.5419],[-4.5951,58.56],[-4.585,58.5742],[-4.5605,58.5799],[-4.5175,58.5755],[-4.4755,58.5656],[-4.4265,58.5464],[-4.4265,58.5389],[-4.4279,58.5353],[-4.4287,58.5347],[-4.4265,58.5246],[-4.4499,58.5102],[-4.4648,58.492],[-4.4777,58.4713],[-4.4954,58.4495],[-4.4781,58.4536],[-4.4612,58.4625],[-4.4339,58.4836],[-4.4327,58.4876],[-4.434,58.4924],[-4.4342,58.4963],[-4.4302,58.498],[-4.4259,58.4991],[-4.3854,58.5224],[-4.3824,58.5246],[-4.3439,58.5389],[-4.317,58.5457],[-4.307,58.5464],[-4.2872,58.5429],[-4.2573,58.528],[-4.2347,58.5246],[-4.2489,58.532],[-4.2382,58.5364],[-4.2322,58.5424],[-4.2277,58.5482],[-4.221,58.5519],[-4.2097,58.5529],[-4.1908,58.5478],[-4.177,58.5464],[-4.1682,58.5494],[-4.1606,58.5626],[-4.1493,58.5656],[-4.1112,58.5656],[-4.0902,58.5621],[-4.0815,58.5618],[-4.0702,58.5656],[-4.0615,58.5728],[-4.0488,58.5896],[-4.0398,58.5929],[-4.0306,58.5941],[-4.029,58.5952],[-4.0278,58.5927],[-4.0093,58.5733],[-4.0038,58.5706],[-3.9814,58.5731],[-3.8957,58.5656],[-3.8101,58.5731],[-3.767,58.5837],[-3.6984,58.6112],[-3.6599,58.6208],[-3.5976,58.6271],[-3.5655,58.6266],[-3.5426,58.6208],[-3.5525,58.6155],[-3.5563,58.614],[-3.5321,58.6021],[-3.504,58.6033],[-3.447,58.614],[-3.3915,58.6007],[-3.3641,58.6008],[-3.3508,58.6208],[-3.3677,58.6247],[-3.3861,58.6317],[-3.4023,58.642],[-3.4129,58.6556],[-3.39,58.6718],[-3.3749,58.6771],[-3.3583,58.6755],[-3.3544,58.6702],[-3.3518,58.6608],[-3.3479,58.652],[-3.3406,58.6481],[-3.3099,58.6481],[-3.2443,58.659],[-3.2041,58.6611],[-3.1519,58.6413],[-3.1188,58.6411],[-3.0529,58.6481],[-3.0191,58.6403],[-3.0254,58.6221],[-3.0444,58.6016],[-3.0492,58.5867],[-3.0605,58.5784],[-3.0754,58.5604],[-3.0845,58.5519],[-3.1107,58.5386],[-3.118,58.532],[-3.1293,58.5126],[-3.1293,58.4964],[-3.1187,58.4844],[-3.0975,58.4775],[-3.0851,58.4783],[-3.074,58.4817],[-3.0644,58.483],[-3.0566,58.4775],[-3.0533,58.4658],[-3.0577,58.4569],[-3.0668,58.4512],[-3.0771,58.4495],[-3.0863,58.4142],[-3.1298,58.3693],[-3.1828,58.3284],[-3.2205,58.3056],[-3.2623,58.2926],[-3.3498,58.2761],[-3.385,58.2646],[-3.4381,58.236],[-3.447,58.2268],[-3.4547,58.2101],[-3.4735,58.1934],[-3.5153,58.1684],[-3.735,58.0722],[-3.8092,58.0519],[-3.8275,58.0421],[-3.8363,58.0314],[-3.8461,58.0112],[-3.8517,58.0039],[-3.8606,57.9989],[-3.8856,57.9914],[-3.9173,57.9875],[-3.9814,57.9636],[-3.991,57.9604],[-3.9977,57.9544],[-4.0014,57.9461],[-4.0019,57.9356],[-4.0183,57.9406],[-4.0231,57.9431],[-4.0162,57.9493],[-4.0301,57.9532],[-4.0558,57.955],[-4.0844,57.9642],[-4.0891,57.9601],[-4.0863,57.9519],[-4.0776,57.9431],[-4.0627,57.937],[-4.0315,57.9362],[-4.0162,57.9322],[-4.0094,57.9277],[-3.9883,57.9083],[-4.0089,57.8896],[-4.0138,57.8793],[-4.0093,57.8679],[-4.0251,57.8681],[-4.0548,57.8743],[-4.0702,57.8742],[-4.0793,57.8703],[-4.0969,57.8574],[-4.105,57.8537],[-4.1329,57.8542],[-4.1904,57.8701],[-4.2182,57.8742],[-4.2989,57.8628],[-4.321,57.871],[-4.3532,57.8952],[-4.3723,57.9045],[-4.3924,57.9083],[-4.3396,57.8657],[-4.3077,57.8515],[-4.2694,57.8469],[-4.2291,57.8572],[-4.2082,57.8592],[-4.1906,57.8503],[-4.1735,57.839],[-4.1497,57.8298],[-4.1335,57.8301],[-4.1391,57.8469],[-4.0751,57.8232],[-4.0399,57.8182],[-3.9835,57.8424],[-3.9515,57.8383],[-3.9337,57.8257],[-3.9473,57.8127],[-3.9148,57.8077],[-3.8777,57.8167],[-3.8419,57.8349],[-3.8135,57.8571],[-3.7985,57.8665],[-3.786,57.8654],[-3.7794,57.8557],[-3.7822,57.8394],[-3.79,57.8307],[-3.926,57.7348],[-3.9488,57.7249],[-3.9752,57.7033],[-3.9883,57.696],[-4.008,57.6938],[-4.0237,57.6978],[-4.0286,57.7077],[-4.0162,57.7233],[-4.043,57.7373],[-4.078,57.7303],[-4.1553,57.6926],[-4.1686,57.6894],[-4.194,57.6885],[-4.2593,57.6787],[-4.2778,57.6806],[-4.2948,57.6802],[-4.3022,57.6686],[-4.3088,57.6549],[-4.324,57.6483],[-4.3382,57.6451],[-4.4032,57.6095],[-4.4122,57.603],[-4.4203,57.593],[-4.4285,57.5775],[-4.4235,57.5768],[-4.4099,57.5825],[-4.3799,57.5893],[-4.3651,57.5972],[-4.3511,57.6074],[-4.3408,57.6172],[-4.3287,57.6263],[-4.2831,57.6414],[-4.2445,57.663],[-4.2019,57.675],[-4.1938,57.6755],[-4.1822,57.6728],[-4.169,57.6638],[-4.1187,57.6577],[-4.0968,57.6581],[-4.0807,57.665],[-4.0681,57.6723],[-4.0246,57.6872],[-4.0093,57.6885],[-4.0045,57.676],[-4.0253,57.6552],[-4.0542,57.6357],[-4.0834,57.6234],[-4.1186,57.593],[-4.1155,57.5878],[-4.1123,57.5841],[-4.1089,57.5814],[-4.105,57.5793],[-4.1514,57.5769],[-4.1706,57.5707],[-4.1875,57.5588],[-4.1781,57.5495],[-4.1849,57.5482],[-4.208,57.5521],[-4.2626,57.5521],[-4.2626,57.5446],[-4.234,57.5451],[-4.2203,57.5434],[-4.208,57.5384],[-4.2263,57.5154],[-4.2375,57.5053],[-4.2489,57.4975],[-4.2128,57.4922],[-4.1948,57.4916],[-4.1739,57.4975],[-4.1576,57.5085],[-4.1501,57.515],[-4.1493,57.5179],[-4.1268,57.5189],[-4.1162,57.5218],[-4.0975,57.5367],[-4.083,57.5444],[-4.0673,57.55],[-4.0531,57.5521],[-4.035,57.5569],[-4.0465,57.5679],[-4.0839,57.5861],[-4.056,57.5851],[-3.9643,57.593],[-3.8683,57.5879],[-3.8375,57.593],[-3.6848,57.6544],[-3.6252,57.6619],[-3.6326,57.6509],[-3.6377,57.6462],[-3.6456,57.6414],[-3.6325,57.6356],[-3.6196,57.6362],[-3.6061,57.6395],[-3.591,57.6414],[-3.6116,57.6681],[-3.5748,57.6611],[-3.5549,57.6599],[-3.5358,57.6619],[-3.5215,57.6678],[-3.5054,57.6787],[-3.496,57.6914],[-3.5017,57.7028],[-3.4919,57.7131],[-3.4828,57.714],[-3.4731,57.711],[-3.4607,57.7097],[-3.4479,57.7125],[-3.4213,57.7214],[-3.4092,57.7233],[-3.2847,57.7204],[-3.2101,57.694],[-3.0787,57.6694],[-3.0349,57.6686],[-2.9945,57.6755],[-2.9327,57.6996],[-2.9161,57.7028],[-2.758,57.7028],[-2.7512,57.7006],[-2.7411,57.6909],[-2.7311,57.6885],[-2.7199,57.6906],[-2.7115,57.694],[-2.7035,57.6947],[-2.6929,57.6885],[-2.6589,57.6975],[-2.5734,57.6815],[-2.542,57.6824],[-2.5261,57.6686],[-2.5181,57.6701],[-2.5111,57.6778],[-2.498,57.6824],[-2.4801,57.6812],[-2.4329,57.6681],[-2.4255,57.6757],[-2.4178,57.6743],[-2.4088,57.6696],[-2.3981,57.6681],[-2.3866,57.6716],[-2.3695,57.6806],[-2.3605,57.6824],[-2.3411,57.6758],[-2.329,57.6741],[-2.3236,57.6789],[-2.3205,57.6846],[-2.3134,57.6899],[-2.3041,57.694],[-2.2956,57.696],[-2.2743,57.6938],[-2.2301,57.6791],[-2.21,57.6755],[-2.1841,57.6785],[-2.1243,57.7028],[-2.1081,57.705],[-1.9977,57.7028],[-1.9969,57.699],[-1.9908,57.6904],[-1.9822,57.6811],[-1.9735,57.6755],[-1.9613,57.6747],[-1.9447,57.6826],[-1.9325,57.6824],[-1.9257,57.6782],[-1.9142,57.6647],[-1.8295,57.6135],[-1.8205,57.5963],[-1.817,57.5782],[-1.8114,57.5605],[-1.796,57.5446],[-1.796,57.5384],[-1.8,57.5259],[-1.7895,57.5148],[-1.7611,57.4975],[-1.7754,57.4965],[-1.7821,57.489],[-1.7812,57.4804],[-1.7717,57.4763],[-1.7593,57.4736],[-1.7659,57.4674],[-1.7892,57.4564],[-1.8301,57.4262],[-1.8475,57.4081],[-1.85,57.3944],[-1.9545,57.3411],[-1.9803,57.3193],[-2.0447,57.2265],[-2.0685,57.1746],[-2.0741,57.1542],[-2.0714,57.1356],[-2.0524,57.1274],[-2.0493,57.1188],[-2.0653,57.1005],[-2.0658,57.0998],[-2.1562,57.0207],[-2.1869,56.9847],[-2.2001,56.9487],[-2.1971,56.9403],[-2.1912,56.9341],[-2.1863,56.9267],[-2.1864,56.9145],[-2.1913,56.9089],[-2.2097,56.8958],[-2.2137,56.8907],[-2.2199,56.8726],[-2.2346,56.8614],[-2.269,56.8463],[-2.2958,56.8253],[-2.3198,56.8016],[-2.3361,56.7908],[-2.3918,56.7712],[-2.4087,56.7629],[-2.4264,56.7513],[-2.4359,56.7404],[-2.4407,56.7348],[-2.4516,56.691],[-2.4637,56.6788],[-2.4774,56.6687],[-2.4875,56.6539],[-2.4875,56.6461],[-2.4813,56.6324],[-2.4806,56.6265],[-2.4862,56.6196],[-2.5041,56.6088],[-2.5146,56.5915],[-2.53,56.5808],[-2.6238,56.5434],[-2.6409,56.5224],[-2.6614,56.5142],[-2.6998,56.5036],[-2.7087,56.496],[-2.7277,56.4695],[-2.7373,56.467],[-2.7444,56.4695],[-2.7523,56.4736],[-2.7648,56.4757],[-2.8193,56.4713],[-3.0557,56.4521],[-3.0606,56.4517],[-3.0993,56.4419],[-3.1339,56.4269],[-3.2382,56.3677],[-3.2802,56.3579],[-3.3235,56.3659],[-3.3115,56.3565],[-3.294,56.3528],[-3.2515,56.3529],[-3.2306,56.356],[-3.1884,56.3702],[-3.1496,56.3756],[-2.9503,56.4319],[-2.9399,56.4385],[-2.9307,56.4481],[-2.9091,56.4557],[-2.885,56.458],[-2.8679,56.4519],[-2.8501,56.442],[-2.8148,56.4404],[-2.8028,56.428],[-2.8009,56.4089],[-2.8083,56.3911],[-2.8216,56.3762],[-2.8376,56.3659],[-2.813,56.3659],[-2.8092,56.3629],[-2.8048,56.3491],[-2.8028,56.3454],[-2.7915,56.3425],[-2.7826,56.3416],[-2.7753,56.3394],[-2.7686,56.3323],[-2.6772,56.3284],[-2.6553,56.3222],[-2.6212,56.3044],[-2.6132,56.3019],[-2.5768,56.2839],[-2.5768,56.2778],[-2.6301,56.2485],[-2.6483,56.2287],[-2.672,56.2224],[-2.7202,56.2163],[-2.7836,56.192],[-2.8061,56.1884],[-2.8307,56.1907],[-2.8921,56.2089],[-2.9401,56.2094],[-2.9643,56.2056],[-2.9747,56.1983],[-2.9824,56.1891],[-3.0356,56.1679],[-3.0911,56.1323],[-3.1075,56.1269],[-3.1276,56.1229],[-3.1383,56.1122],[-3.1523,56.0785],[-3.1636,56.0639],[-3.1784,56.0581],[-3.2484,56.056],[-3.2684,56.0509],[-3.303,56.0375],[-3.3427,56.0272],[-3.3818,56.0234],[-3.421,56.0249],[-3.5826,56.0517],[-3.6715,56.0508],[-3.71,56.0581],[-3.7454,56.0722],[-3.7465,56.0728],[-3.7822,56.0922],[-3.8031,56.1071],[-3.817,56.1123],[-3.8375,56.1126],[-3.8375,56.1064],[-3.7777,56.0828],[-3.7692,56.0751],[-3.7609,56.0725],[-3.7264,56.038],[-3.7214,56.0307],[-3.7126,56.029],[-3.6935,56.0312],[-3.6866,56.0307],[-3.6796,56.0255],[-3.6748,56.0187],[-3.6683,56.0128],[-3.6562,56.0102],[-3.5997,56.0172],[-3.5774,56.017],[-3.4054,55.9897],[-3.3583,55.9897],[-3.3409,55.9945],[-3.331,55.9941],[-3.3204,55.986],[-3.3035,55.9776],[-3.1218,55.9693],[-3.1147,55.9661],[-3.0968,55.952],[-3.0907,55.9482],[-3.0782,55.9468],[-3.0157,55.9505],[-2.9399,55.9693],[-2.9167,55.9806],[-2.9001,55.9962],[-2.8829,56.0085],[-2.858,56.0102],[-2.8636,56.0223],[-2.8663,56.0268],[-2.871,56.0307],[-2.8528,56.0398],[-2.8232,56.0598],[-2.8028,56.0648],[-2.6351,56.0581],[-2.616,56.0532],[-2.5876,56.031],[-2.5694,56.0245],[-2.5784,56.008],[-2.5836,56.0028],[-2.5696,55.9999],[-2.5441,56.0027],[-2.529,55.9966],[-2.5248,56.0006],[-2.5146,56.0058],[-2.5079,56.0102],[-2.4933,56.0015],[-2.4525,55.9853],[-2.4144,55.9783],[-2.3509,55.9482],[-2.3078,55.935],[-2.1468,55.9173],[-2.138,55.9146],[-2.1326,55.9064],[-2.1311,55.8972],[-2.1288,55.8898],[-2.121,55.8867],[-2.0995,55.8818],[-2.0802,55.8694],[-2.0229,55.8055],[-2.0097,55.7908],[-1.8778,55.6949],[-1.8632,55.6716],[-1.8531,55.6593],[-1.8315,55.6507],[-1.8261,55.6436],[-1.8217,55.6364],[-1.8165,55.6329],[-1.8071,55.6345],[-1.8008,55.6392],[-1.7963,55.6442],[-1.7926,55.6466],[-1.7814,55.6457],[-1.7686,55.6419],[-1.7565,55.6336],[-1.7477,55.6192],[-1.768,55.6192],[-1.768,55.613],[-1.756,55.6089],[-1.7209,55.6146],[-1.6991,55.613],[-1.6308,55.5851],[-1.6308,55.5783],[-1.6363,55.5717],[-1.6347,55.5644],[-1.6277,55.5571],[-1.6172,55.5503],[-1.6308,55.5441],[-1.6308,55.5373],[-1.6222,55.5341],[-1.6029,55.5236],[-1.6029,55.5168],[-1.6113,55.508],[-1.6064,55.5032],[-1.5963,55.4999],[-1.5893,55.4957],[-1.585,55.4837],[-1.5814,55.4167],[-1.5831,55.4069],[-1.5883,55.3906],[-1.5891,55.3852],[-1.5893,55.3765],[-1.5833,55.3547],[-1.5586,55.3289],[-1.5558,55.3113],[-1.557,55.3066],[-1.559,55.3021],[-1.5619,55.2978],[-1.5657,55.2936],[-1.5701,55.2862],[-1.5682,55.2796],[-1.5643,55.2733],[-1.5621,55.2667],[-1.5565,55.255],[-1.5439,55.2439],[-1.521,55.2294],[-1.5292,55.2163],[-1.5241,55.2101],[-1.5143,55.2048],[-1.508,55.1946],[-1.5108,55.1848],[-1.5176,55.1762],[-1.5221,55.1675],[-1.5179,55.1571],[-1.5007,55.1418],[-1.496,55.1346],[-1.4925,55.113],[-1.4838,55.0917],[-1.4801,55.0854],[-1.4762,55.0836],[-1.4633,55.0803],[-1.4596,55.0786],[-1.4581,55.0758],[-1.4547,55.0676],[-1.4383,55.0423],[-1.4292,55.0333],[-1.4241,55.0244],[-1.4195,55.0117],[-1.4129,55.0003],[-1.4015,54.9954],[-1.3982,54.9926],[-1.3702,54.9755],[-1.3627,54.9648],[-1.3617,54.9587],[-1.3635,54.9543],[-1.364,54.9482],[-1.3629,54.9259],[-1.3603,54.9171],[-1.3531,54.9135],[-1.3558,54.9043],[-1.2968,54.7799],[-1.2755,54.7484],[-1.2405,54.7217],[-1.2251,54.715],[-1.1722,54.7012],[-1.1722,54.6938],[-1.1926,54.6938],[-1.1925,54.6893],[-1.1908,54.6862],[-1.1852,54.6801],[-1.1827,54.6721],[-1.1788,54.6647],[-1.1729,54.6584],[-1.1647,54.6528],[-1.1729,54.6442],[-1.1825,54.6392],[-1.2063,54.633],[-1.2037,54.6257],[-1.1988,54.6216],[-1.1918,54.6198],[-1.1821,54.6193],[-1.1794,54.6209],[-1.1785,54.6242],[-1.177,54.6268],[-1.1722,54.6261],[-1.1696,54.6236],[-1.1654,54.6187],[-1.163,54.614],[-1.1647,54.6118],[-1.1527,54.6132],[-1.1467,54.6185],[-1.1381,54.6466],[-1.1206,54.633],[-1.1036,54.6247],[-1.0842,54.6204],[-1.0421,54.6171],[-0.9935,54.5981],[-0.7879,54.5608],[-0.563,54.4774],[-0.5347,54.461],[-0.5229,54.4471],[-0.5218,54.4381],[-0.5236,54.4302],[-0.5204,54.4201],[-0.51,54.4116],[-0.4768,54.3972],[-0.4628,54.389],[-0.4477,54.3732],[-0.4306,54.3493],[-0.4184,54.324],[-0.418,54.3039],[-0.4145,54.2973],[-0.409,54.2908],[-0.4012,54.2856],[-0.3907,54.2835],[-0.3949,54.2731],[-0.3976,54.2692],[-0.3893,54.2641],[-0.3705,54.2477],[-0.3628,54.2425],[-0.322,54.2361],[-0.3119,54.2316],[-0.3001,54.2247],[-0.2771,54.2178],[-0.2696,54.2077],[-0.2626,54.1811],[-0.2604,54.177],[-0.2339,54.1605],[-0.1114,54.1316],[-0.0755,54.1121],[-0.1639,54.0834],[-0.1947,54.0623],[-0.2195,54.0228],[-0.1974,53.9948],[-0.1687,53.9293],[-0.1511,53.8993],[-0.0452,53.8012],[0.1335,53.6426],[0.1493,53.6096],[0.1369,53.5771],[0.1312,53.5734],[0.1096,53.5629],[0.1314,53.5937],[0.136,53.6107],[0.1202,53.6181],[0.0995,53.6223],[0.0562,53.6413],[0.0345,53.6461],[0.0148,53.6433],[-0.0239,53.6289],[-0.045,53.6256],[-0.0694,53.6269],[-0.0923,53.631],[-0.1126,53.6375],[-0.13,53.6461],[-0.2253,53.7199],[-0.2604,53.7354],[-0.2956,53.7388],[-0.3052,53.7397],[-0.4311,53.7143],[-0.4497,53.7143],[-0.5105,53.7143],[-0.5444,53.7095],[-0.5515,53.7112],[-0.5762,53.7257],[-0.5792,53.728],[-0.637,53.732],[-0.6584,53.728],[-0.7265,53.7006],[-0.7174,53.6987],[-0.7086,53.6957],[-0.7002,53.6918],[-0.6925,53.687],[-0.6775,53.7028],[-0.6498,53.7106],[-0.6195,53.7119],[-0.5962,53.7081],[-0.5555,53.6905],[-0.5447,53.6836],[-0.5299,53.6777],[-0.514,53.6813],[-0.4863,53.6945],[-0.3072,53.7143],[-0.2794,53.7071],[-0.2604,53.687],[-0.1886,53.6204],[-0.144,53.6066],[-0.1132,53.5846],[-0.0959,53.5771],[-0.0609,53.574],[-0.0466,53.5704],[0.0001,53.5353],[0.096,53.4883],[0.1151,53.4832],[0.134,53.4806],[0.1519,53.4758],[0.1678,53.4645],[0.1709,53.457],[0.1731,53.4468],[0.1758,53.4377],[0.1815,53.4337],[0.1906,53.4319],[0.2195,53.4195],[0.2119,53.4127],[0.2293,53.4048],[0.2449,53.3909],[0.2561,53.3751],[0.2604,53.3615],[0.3421,53.2263],[0.3562,53.1885],[0.3566,53.1457],[0.3358,53.0935],[0.3298,53.0865],[0.3187,53.0837],[0.2988,53.0812],[0.2825,53.0749],[0.193,53.0201],[0.1745,53.0154],[0.1608,53.009],[0.0821,52.9387],[0.0612,52.925],[0.0376,52.9192],[0.0221,52.9126],[0.0086,52.8986],[0.0103,52.8865],[0.0407,52.8851],[0.0925,52.8925],[0.1056,52.8894],[0.1335,52.8752],[0.1471,52.872],[0.1709,52.8621],[0.2224,52.8137],[0.2468,52.7957],[0.2645,52.8037],[0.2857,52.8056],[0.3255,52.8032],[0.3418,52.7974],[0.3699,52.773],[0.3845,52.7684],[0.3845,52.7752],[0.3792,52.7908],[0.3994,52.8095],[0.4255,52.8274],[0.4386,52.8407],[0.444,52.8651],[0.4567,52.892],[0.4723,52.9164],[0.4857,52.9335],[0.5203,52.9553],[0.5696,52.9693],[0.6234,52.9757],[0.6719,52.9744],[0.6644,52.9819],[0.6847,52.9864],[0.7068,52.9832],[0.7292,52.9775],[0.7505,52.9744],[0.8357,52.9744],[0.8755,52.9682],[0.9211,52.9547],[0.9684,52.9475],[1.0139,52.9601],[1.0034,52.9647],[0.9915,52.9675],[0.979,52.9684],[0.9661,52.9676],[0.9661,52.9744],[1.2747,52.9292],[1.396,52.8914],[1.6442,52.7758],[1.6733,52.7557],[1.697,52.731],[1.7158,52.6837],[1.7341,52.6546],[1.7472,52.6252],[1.7407,52.6039],[1.7468,52.5885],[1.7487,52.5688],[1.7476,52.5328],[1.7712,52.4859],[1.7671,52.477],[1.7544,52.4674],[1.7293,52.4156],[1.7302,52.4059],[1.7279,52.3963],[1.6836,52.3245],[1.6519,52.2891],[1.6411,52.2818],[1.6305,52.2705],[1.6283,52.2448],[1.6309,52.1998],[1.6255,52.1804],[1.6074,52.1459],[1.6035,52.1278],[1.5892,52.1008],[1.5876,52.087],[1.5823,52.0815],[1.5037,52.061],[1.4868,52.049],[1.472,52.0562],[1.4668,52.048],[1.4639,52.0351],[1.4558,52.0285],[1.449,52.025],[1.4248,52.0019],[1.3548,51.954],[1.3435,51.9429],[1.3323,51.9401],[1.2644,51.9944],[1.2349,52.0003],[1.1852,52.0251],[1.1579,52.0285],[1.1579,52.0217],[1.1935,52.0008],[1.2144,51.9914],[1.2603,51.9848],[1.2708,51.9815],[1.2752,51.977],[1.2744,51.9609],[1.271,51.9564],[1.2507,51.9596],[1.2389,51.9586],[1.2176,51.9543],[1.2057,51.9534],[1.1932,51.9555],[1.1653,51.967],[1.1431,51.9661],[1.0945,51.956],[1.0691,51.9534],[1.0955,51.9457],[1.2621,51.9392],[1.282,51.9466],[1.2785,51.9279],[1.1996,51.8777],[1.2123,51.8716],[1.2279,51.8674],[1.2644,51.864],[1.2748,51.8703],[1.2822,51.8806],[1.2866,51.8817],[1.2883,51.8606],[1.2764,51.8448],[1.2192,51.8118],[1.1678,51.7902],[1.1354,51.7817],[1.0654,51.7753],[1.0466,51.777],[1.0373,51.7822],[1.0213,51.8026],[0.9888,51.8303],[0.9798,51.8436],[0.9771,51.8246],[0.9621,51.8138],[0.9251,51.8026],[0.8943,51.7846],[0.887,51.7821],[0.8864,51.7767],[0.8835,51.7647],[0.8789,51.7528],[0.8737,51.7473],[0.862,51.7456],[0.846,51.7368],[0.8357,51.7337],[0.8235,51.7338],[0.8014,51.7397],[0.7918,51.7412],[0.7671,51.7394],[0.7209,51.7282],[0.6986,51.72],[0.7142,51.7153],[0.7324,51.7138],[0.7493,51.7085],[0.7608,51.6927],[0.7891,51.7101],[0.853,51.7189],[0.8836,51.7269],[0.9124,51.7415],[0.93,51.7436],[0.9456,51.7337],[0.9474,51.7252],[0.9446,51.7155],[0.9404,51.708],[0.9382,51.7064],[0.9402,51.6984],[0.944,51.6906],[0.9518,51.6784],[0.9417,51.673],[0.938,51.6645],[0.9382,51.6413],[0.9347,51.6359],[0.9268,51.6309],[0.9115,51.6238],[0.9385,51.625],[0.9481,51.6215],[0.9518,51.617],[0.9245,51.5883],[0.8733,51.5595],[0.8283,51.5419],[0.8163,51.5372],[0.7713,51.5283],[0.6921,51.5363],[0.6644,51.5351],[0.6637,51.5355],[0.6506,51.5358],[0.6467,51.5353],[0.6441,51.5351],[0.6428,51.5335],[0.6234,51.522],[0.6087,51.519],[0.5952,51.5186],[0.5823,51.5165],[0.5689,51.5084],[0.5527,51.518],[0.5472,51.5177],[0.5254,51.5169],[0.4561,51.5056],[0.4509,51.4983],[0.448,51.4882],[0.4417,51.477],[0.4285,51.4671],[0.4141,51.4619],[0.3992,51.4584],[0.3845,51.4531],[0.4484,51.4599],[0.4568,51.4631],[0.4614,51.4702],[0.4649,51.4772],[0.4696,51.4804],[0.5348,51.4917],[0.6948,51.477],[0.7095,51.4705],[0.7219,51.4563],[0.7232,51.4467],[0.7131,51.4412],[0.6924,51.4395],[0.6565,51.4445],[0.641,51.4442],[0.6094,51.4251],[0.5728,51.4196],[0.5545,51.4122],[0.5623,51.4066],[0.5691,51.3996],[0.5765,51.3936],[0.5859,51.3911],[0.6719,51.3911],[0.7129,51.3842],[0.7049,51.396],[0.7004,51.4098],[0.7053,51.4195],[0.7264,51.419],[0.7284,51.4062],[0.7393,51.3879],[0.7534,51.3715],[0.7644,51.3644],[0.9772,51.3492],[1.1009,51.3732],[1.4238,51.3921],[1.4483,51.3829],[1.4391,51.3501],[1.4356,51.3437],[1.4308,51.3378],[1.4251,51.333],[1.4186,51.3297],[1.383,51.3298],[1.3776,51.3262],[1.3806,51.3048],[1.3879,51.2879],[1.4043,51.2614],[1.4131,51.2217],[1.4048,51.1835],[1.3845,51.1517],[1.3572,51.131],[1.2904,51.1165],[1.263,51.1033],[1.2516,51.1025],[1.23,51.1037],[1.2181,51.101],[1.2083,51.0947],[1.1997,51.0876],[1.1921,51.0826],[1.1722,51.0774],[1.1067,51.0764],[1.0872,51.073],[1.0669,51.0644],[1.0276,51.0417],[0.9764,50.9945],[0.9665,50.9827],[0.9691,50.9569],[0.9798,50.9182],[0.9452,50.9094],[0.8698,50.9251],[0.8023,50.9392],[0.7625,50.9309],[0.6644,50.8703],[0.6242,50.8587],[0.4075,50.8293],[0.3703,50.8188],[0.3652,50.819],[0.3543,50.8096],[0.3444,50.7991],[0.3423,50.7952],[0.3081,50.781],[0.271,50.7474],[0.2339,50.747],[0.2141,50.7489],[0.1683,50.7598],[0.1574,50.7611],[0.1221,50.7608],[0.113,50.7641],[0.0956,50.7751],[0.077,50.779],[0.0345,50.781],[0.0175,50.7849],[-0.1732,50.829],[-0.2061,50.831],[-0.2089,50.8301],[-0.2331,50.8219],[-0.2697,50.8313],[-0.3976,50.8021],[-0.569,50.8021],[-0.7327,50.7673],[-0.7416,50.7692],[-0.7499,50.7739],[-0.7582,50.7771],[-0.7676,50.7747],[-0.7731,50.766],[-0.7663,50.7471],[-0.771,50.7369],[-0.7899,50.73],[-0.8128,50.7348],[-0.9041,50.7719],[-0.9115,50.7778],[-0.9059,50.788],[-0.8925,50.7946],[-0.8636,50.8021],[-0.8636,50.8083],[-0.8736,50.8129],[-0.8931,50.8253],[-0.9047,50.8293],[-0.9095,50.826],[-0.9217,50.8216],[-0.9289,50.8228],[-0.919,50.8362],[-0.9298,50.84],[-0.9392,50.8432],[-0.9708,50.847],[-0.9949,50.8471],[-1.0019,50.8471],[-1.0207,50.8437],[-1.0336,50.8259],[-1.0426,50.8019],[-1.0562,50.783],[-1.0828,50.781],[-1.103,50.7955],[-1.0936,50.8129],[-1.0753,50.83],[-1.0692,50.8437],[-1.0873,50.8498],[-1.0881,50.8498],[-1.1498,50.8467],[-1.1647,50.8437],[-1.1297,50.8251],[-1.1238,50.8188],[-1.1212,50.7994],[-1.1249,50.7887],[-1.1381,50.781],[-1.1511,50.7814],[-1.1693,50.7859],[-1.1856,50.7924],[-1.1926,50.7987],[-1.1993,50.8079],[-1.2315,50.8189],[-1.2552,50.8319],[-1.2882,50.8392],[-1.3014,50.8437],[-1.3186,50.8569],[-1.3389,50.8727],[-1.4493,50.9121],[-1.4664,50.9182],[-1.4664,50.9119],[-1.4565,50.9088],[-1.438,50.9013],[-1.4256,50.9001],[-1.4011,50.8812],[-1.3231,50.8258],[-1.3143,50.8122],[-1.3173,50.8002],[-1.3398,50.7952],[-1.404,50.7916],[-1.4187,50.7884],[-1.4114,50.7849],[-1.4049,50.781],[-1.4049,50.7747],[-1.4505,50.7694],[-1.4762,50.7634],[-1.4875,50.7577],[-1.4919,50.7573],[-1.5247,50.7611],[-1.5572,50.7233],[-1.5594,50.7192],[-1.5612,50.719],[-1.5807,50.7226],[-1.6021,50.7318],[-1.6706,50.7401],[-1.6729,50.7401],[-1.693,50.7399],[-1.7151,50.7358],[-1.7535,50.7228],[-1.7717,50.7201],[-1.7974,50.7232],[-1.8351,50.7277],[-1.8574,50.727],[-1.8773,50.7228],[-1.8964,50.7163],[-1.8969,50.7161],[-1.9139,50.7074],[-1.9291,50.6959],[-1.94,50.6908],[-1.9443,50.6977],[-1.9461,50.7079],[-1.9493,50.7133],[-1.9877,50.7201],[-2.0139,50.7189],[-2.022,50.7201],[-2.0255,50.7239],[-2.0262,50.7251],[-2.0338,50.7371],[-2.039,50.7399],[-2.0481,50.7348],[-2.0827,50.699],[-2.0696,50.7001],[-2.0577,50.7028],[-2.0466,50.7073],[-2.0356,50.7133],[-2.0141,50.6888],[-2.0025,50.6813],[-1.9841,50.6785],[-1.9674,50.6787],[-1.9528,50.6766],[-1.9459,50.6688],[-1.953,50.6518],[-1.9382,50.6458],[-1.9325,50.6444],[-1.9673,50.6171],[-1.9652,50.6022],[-1.9837,50.5966],[-2.0652,50.5955],[-2.0822,50.5978],[-2.1573,50.6205],[-2.3426,50.6338],[-2.3771,50.6475],[-2.3983,50.6456],[-2.4359,50.6375],[-2.4476,50.6279],[-2.4601,50.6065],[-2.4656,50.5851],[-2.4565,50.5755],[-2.4312,50.5703],[-2.4287,50.5576],[-2.4393,50.5418],[-2.4534,50.5277],[-2.4595,50.5277],[-2.4604,50.5655],[-2.4835,50.5904],[-2.6929,50.6928],[-2.8648,50.7338],[-2.8873,50.7344],[-2.9455,50.7258],[-2.9628,50.7233],[-2.9982,50.7082],[-3.0218,50.7065],[-3.0597,50.7133],[-3.0714,50.711],[-3.0941,50.699],[-3.0992,50.6971],[-3.1158,50.688],[-3.1255,50.6853],[-3.1359,50.6859],[-3.1551,50.6914],[-3.1665,50.6928],[-3.1856,50.6907],[-3.2191,50.6808],[-3.2598,50.6745],[-3.2714,50.6645],[-3.2804,50.6512],[-3.2956,50.6375],[-3.3682,50.6171],[-3.3907,50.6178],[-3.4075,50.6213],[-3.421,50.6295],[-3.4333,50.6444],[-3.4464,50.6683],[-3.4504,50.6723],[-3.4533,50.6733],[-3.4554,50.6754],[-3.4586,50.6776],[-3.4644,50.6785],[-3.4678,50.6764],[-3.4689,50.6717],[-3.4678,50.667],[-3.4553,50.6579],[-3.442,50.6235],[-3.4333,50.6103],[-3.4512,50.5994],[-3.4673,50.5856],[-3.4818,50.5685],[-3.4949,50.5482],[-3.506,50.5208],[-3.505,50.5012],[-3.4875,50.4594],[-3.5098,50.4585],[-3.5321,50.4548],[-3.5494,50.4465],[-3.5563,50.4321],[-3.5493,50.4156],[-3.532,50.4102],[-3.4875,50.4116],[-3.4875,50.4048],[-3.4975,50.3874],[-3.4983,50.3837],[-3.5073,50.3828],[-3.515,50.38],[-3.5201,50.3748],[-3.5269,50.3498],[-3.5389,50.3444],[-3.5545,50.3476],[-3.5705,50.3564],[-3.5778,50.3341],[-3.5991,50.3258],[-3.6216,50.3219],[-3.632,50.3123],[-3.6374,50.2954],[-3.6476,50.2746],[-3.6533,50.251],[-3.6456,50.226],[-3.6606,50.221],[-3.7009,50.2135],[-3.718,50.2124],[-3.7404,50.2159],[-3.7586,50.2217],[-3.7742,50.223],[-3.789,50.2124],[-3.8263,50.2342],[-3.8842,50.2805],[-3.9499,50.319],[-3.961,50.3223],[-3.9702,50.3207],[-3.9958,50.3114],[-4.0056,50.3092],[-4.0113,50.307],[-4.0248,50.2972],[-4.0329,50.2949],[-4.0441,50.2965],[-4.0544,50.3004],[-4.0702,50.3092],[-4.0679,50.3128],[-4.064,50.3223],[-4.086,50.3262],[-4.1083,50.3366],[-4.1187,50.3519],[-4.105,50.3707],[-4.1418,50.369],[-4.1527,50.3707],[-4.1655,50.3764],[-4.1715,50.3828],[-4.1758,50.3909],[-4.1838,50.4011],[-4.1915,50.4176],[-4.1839,50.4317],[-4.1703,50.4451],[-4.1595,50.4594],[-4.1794,50.4531],[-4.1896,50.4537],[-4.2006,50.4594],[-4.2037,50.4514],[-4.2047,50.4487],[-4.2124,50.4415],[-4.2225,50.438],[-4.2347,50.4383],[-4.2347,50.4321],[-4.2202,50.4258],[-4.2161,50.4157],[-4.2197,50.4051],[-4.2285,50.3974],[-4.2414,50.3947],[-4.2899,50.3974],[-4.273,50.3819],[-4.2162,50.3878],[-4.1938,50.3769],[-4.2285,50.3707],[-4.2285,50.3638],[-4.2201,50.3653],[-4.2006,50.3638],[-4.208,50.3564],[-4.18,50.3564],[-4.18,50.3502],[-4.1913,50.3476],[-4.198,50.3422],[-4.1991,50.3354],[-4.1938,50.3284],[-4.1938,50.3223],[-4.215,50.3231],[-4.2257,50.3354],[-4.2351,50.3496],[-4.2523,50.3564],[-4.3377,50.3707],[-4.3837,50.3675],[-4.4562,50.3382],[-4.4954,50.3284],[-4.6598,50.3223],[-4.6596,50.3206],[-4.6627,50.3178],[-4.6678,50.3153],[-4.6735,50.3154],[-4.6872,50.3427],[-4.6943,50.3435],[-4.7002,50.3409],[-4.7056,50.3376],[-4.7113,50.3359],[-4.7316,50.3347],[-4.7521,50.3303],[-4.7633,50.3221],[-4.7554,50.3092],[-4.7554,50.3017],[-4.7624,50.298],[-4.7716,50.2916],[-4.7799,50.2843],[-4.7834,50.2779],[-4.7819,50.2718],[-4.7765,50.2651],[-4.7765,50.2608],[-4.7884,50.2421],[-4.7902,50.2366],[-4.8002,50.2296],[-4.8497,50.2346],[-4.8687,50.2294],[-4.8873,50.215],[-4.9048,50.2084],[-4.9473,50.1994],[-4.9607,50.1905],[-5.0024,50.1441],[-5.0146,50.1566],[-5.0204,50.192],[-5.0332,50.1994],[-5.053,50.1958],[-5.0536,50.1869],[-5.0519,50.1755],[-5.0646,50.1646],[-5.0646,50.1584],[-5.0585,50.1555],[-5.0434,50.1441],[-5.0519,50.1446],[-5.0585,50.1427],[-5.0708,50.1373],[-5.0803,50.1327],[-5.0816,50.1254],[-5.081,50.1172],[-5.085,50.1099],[-5.0939,50.1055],[-5.126,50.0963],[-5.1147,50.0966],[-5.1061,50.0951],[-5.0919,50.0895],[-5.0869,50.0891],[-5.0753,50.0905],[-5.0708,50.0895],[-5.0685,50.0851],[-5.0649,50.0718],[-5.0609,50.069],[-5.0565,50.0606],[-5.0695,50.0422],[-5.0981,50.0144],[-5.1073,50.013],[-5.1274,50.0154],[-5.1396,50.0144],[-5.1465,50.0106],[-5.1761,49.9879],[-5.1877,49.9645],[-5.1912,49.9591],[-5.2001,49.9614],[-5.2104,49.9667],[-5.2404,49.9883],[-5.2452,49.9931],[-5.2495,50.0001],[-5.253,50.0126],[-5.2523,50.0207],[-5.2527,50.0278],[-5.2598,50.0377],[-5.2884,50.0677],[-5.3044,50.0803],[-5.324,50.0895],[-5.3842,50.108],[-5.4247,50.1127],[-5.4581,50.1259],[-5.4748,50.1304],[-5.4957,50.1296],[-5.5218,50.1237],[-5.5409,50.1135],[-5.5406,50.0998],[-5.5347,50.0823],[-5.5456,50.0689],[-5.5635,50.0596],[-5.5784,50.0548],[-5.6195,50.0462],[-5.6674,50.0429],[-5.7051,50.0523],[-5.7156,50.0827],[-5.706,50.0835],[-5.6988,50.0854],[-5.6945,50.0895],[-5.6944,50.0958],[-5.6971,50.1005],[-5.7003,50.1032],[-5.702,50.1032],[-5.7074,50.122],[-5.7092,50.1326],[-5.7054,50.1373],[-5.7035,50.1406],[-5.6846,50.1615],[-5.6767,50.165],[-5.6474,50.1721],[-5.5836,50.1959],[-5.5494,50.2035],[-5.511,50.2195],[-5.4891,50.2198],[-5.4581,50.2008],[-5.438,50.1943],[-5.4174,50.2025],[-5.4029,50.2174],[-5.3959,50.2272],[-5.3929,50.2366],[-5.3876,50.2403],[-5.3519,50.2403],[-5.3148,50.2536],[-5.2003,50.3308],[-5.1636,50.3472],[-5.1499,50.3502],[-5.1465,50.3553],[-5.1457,50.3669],[-5.147,50.3794],[-5.1537,50.3995],[-5.1424,50.4045],[-5.1273,50.4052],[-5.1197,50.4048],[-5.0503,50.4287],[-5.0482,50.4344],[-5.0387,50.4479],[-5.0298,50.4868],[-5.0286,50.507],[-5.0253,50.5242],[-5.0156,50.538],[-4.9956,50.5482],[-4.9752,50.5482],[-4.9678,50.5516],[-4.9548,50.5612],[-4.9473,50.5624],[-4.9415,50.557],[-4.9371,50.5453],[-4.9344,50.5316],[-4.9336,50.5202],[-4.9269,50.5229],[-4.9243,50.5245],[-4.9205,50.5277],[-4.9024,50.5206],[-4.861,50.5192],[-4.8448,50.5141],[-4.8558,50.5274],[-4.8733,50.5341],[-4.9062,50.542],[-4.9219,50.5549],[-4.9202,50.5642],[-4.9152,50.5725],[-4.9205,50.583],[-4.9205,50.5892],[-4.8957,50.5859],[-4.8212,50.5892],[-4.7925,50.5952],[-4.7766,50.6098],[-4.765,50.628],[-4.7493,50.6444],[-4.7554,50.6594],[-4.7519,50.6701],[-4.7419,50.6749],[-4.7281,50.6723],[-4.6573,50.7111],[-4.6456,50.7235],[-4.6378,50.7412],[-4.619,50.7548],[-4.5773,50.7747],[-4.5501,50.8096],[-4.5549,50.8978],[-4.5438,50.9392],[-4.5369,50.9476],[-4.5227,50.9727],[-4.5267,50.9804],[-4.5304,50.9947],[-4.5313,51.0087],[-4.5264,51.015],[-4.4373,51.015],[-4.4264,51.0127],[-4.4058,51.0029],[-4.3957,51.0007],[-4.3377,50.9966],[-4.3173,51.0007],[-4.3023,51.0075],[-4.2347,51.0553],[-4.2292,51.0611],[-4.2247,51.0671],[-4.2185,51.0725],[-4.208,51.0764],[-4.2143,51.086],[-4.2263,51.1132],[-4.2285,51.1204],[-4.2319,51.1267],[-4.249,51.1429],[-4.2558,51.1515],[-4.2223,51.1497],[-4.2148,51.1515],[-4.2084,51.1623],[-4.2098,51.1728],[-4.2173,51.1814],[-4.2285,51.1862],[-4.2285,51.1925],[-4.1523,51.2116],[-3.9695,51.2224],[-3.932,51.2313],[-3.9132,51.2334],[-3.8409,51.2334],[-3.819,51.2361],[-3.7871,51.2468],[-3.7692,51.2477],[-3.6398,51.2264],[-3.5593,51.2281],[-3.4342,51.2098],[-3.4044,51.192],[-3.385,51.1862],[-3.2707,51.1894],[-3.1989,51.2036],[-3.1627,51.2067],[-3.0968,51.2045],[-3.0575,51.2082],[-3.0293,51.2204],[-3.0218,51.2136],[-3.0356,51.1993],[-3.0218,51.1925],[-3.0048,51.2131],[-3.0013,51.2204],[-2.9996,51.2332],[-3.0015,51.2397],[-3.005,51.2451],[-3.0082,51.2545],[-3.0076,51.292],[-3.0106,51.311],[-3.0218,51.3228],[-3.0024,51.3191],[-2.9922,51.3219],[-2.9921,51.322],[-2.9884,51.3311],[-2.9878,51.3467],[-2.9799,51.3559],[-2.966,51.3649],[-2.9596,51.3743],[-2.9747,51.3842],[-2.953,51.3985],[-2.921,51.3944],[-2.8842,51.417],[-2.8164,51.4736],[-2.7986,51.4826],[-2.7809,51.4891],[-2.7612,51.4929],[-2.7376,51.4941],[-2.7164,51.4996],[-2.6962,51.5126],[-2.6078,51.6074],[-2.5996,51.6114],[-2.5892,51.6142],[-2.5804,51.6186],[-2.5768,51.6275],[-2.5745,51.6357],[-2.569,51.645],[-2.5622,51.6534],[-2.5564,51.6592],[-2.4992,51.6968],[-2.465,51.7259],[-2.4477,51.7319],[-2.4049,51.7412],[-2.3885,51.7504],[-2.3808,51.7619],[-2.3834,51.7733],[-2.3981,51.7821],[-2.4024,51.7636],[-2.4204,51.7531],[-2.4434,51.7484],[-2.4633,51.7473],[-2.4821,51.7429],[-2.4958,51.732],[-2.508,51.7186],[-2.5221,51.7064],[-2.5817,51.6817],[-2.5911,51.6754],[-2.6002,51.6656],[-2.6654,51.6173]]],[[[-1.0828,50.7133],[-1.0623,50.6928],[-1.0623,50.6853],[-1.067,50.6852],[-1.0697,50.6835],[-1.0719,50.681],[-1.0753,50.6785],[-1.1127,50.6715],[-1.1287,50.6664],[-1.1564,50.6508],[-1.1622,50.646],[-1.1647,50.6409],[-1.1641,50.6194],[-1.165,50.6082],[-1.1684,50.6035],[-1.2792,50.5825],[-1.3155,50.5892],[-1.446,50.6481],[-1.4528,50.6543],[-1.486,50.6693],[-1.4974,50.6723],[-1.5351,50.6694],[-1.5515,50.6651],[-1.5695,50.658],[-1.5453,50.6861],[-1.5059,50.7077],[-1.4187,50.7338],[-1.4209,50.7305],[-1.4235,50.7237],[-1.4254,50.7201],[-1.4009,50.722],[-1.3776,50.7342],[-1.3435,50.7611],[-1.3185,50.7722],[-1.2958,50.7732],[-1.1443,50.7338],[-1.1195,50.7342],[-1.1091,50.7329],[-1.097,50.727],[-1.0964,50.7244],[-1.0976,50.716],[-1.097,50.7133],[-1.0942,50.7126],[-1.0856,50.714],[-1.0828,50.7133]]],[[[-0.9599,50.8083],[-0.9599,50.8021],[-0.9546,50.7988],[-0.9456,50.7918],[-0.9388,50.7884],[-0.9388,50.781],[-1.0207,50.7884],[-1.0207,50.7952],[-0.9987,50.801],[-0.9726,50.8298],[-0.9599,50.8293],[-0.9503,50.8238],[-0.9478,50.8178],[-0.9514,50.8124],[-0.9599,50.8083]]],[[[0.9115,51.4122],[0.9325,51.3977],[0.9421,51.383],[0.9364,51.371],[0.9115,51.3644],[0.7948,51.3706],[0.7751,51.3753],[0.7576,51.3864],[0.7435,51.4001],[0.7339,51.4122],[0.7468,51.4396],[0.7539,51.4457],[0.7669,51.4479],[0.8908,51.421],[0.9006,51.4175],[0.9115,51.4122]]],[[[-6.2988,49.9355],[-6.2922,49.9321],[-6.2842,49.9228],[-6.2875,49.914],[-6.2973,49.9096],[-6.3092,49.9136],[-6.3074,49.9274],[-6.2988,49.9355]]],[[[-6.3336,49.9597],[-6.328,49.9566],[-6.3265,49.9492],[-6.3325,49.9417],[-6.3412,49.9448],[-6.3481,49.9562],[-6.3489,49.9643],[-6.3418,49.9636],[-6.3368,49.9609],[-6.3336,49.9597]]],[[[-4.6654,51.1836],[-4.664,51.1771],[-4.6635,51.1649],[-4.6705,51.1601],[-4.6785,51.1671],[-4.6798,51.1806],[-4.6764,51.1931],[-4.6712,51.1951],[-4.667,51.1877],[-4.6654,51.1836]]],[[[16.945,48.6042],[16.9543,48.5574],[16.9491,48.5448],[16.9469,48.5397],[16.9305,48.5282],[16.9139,48.5193],[16.9065,48.5099],[16.9012,48.4966],[16.8751,48.4715],[16.8649,48.4581],[16.8608,48.4438],[16.8519,48.3904],[16.8493,48.3841],[16.8469,48.3811],[16.8451,48.3766],[16.8445,48.3656],[16.8476,48.3596],[16.8553,48.3565],[16.8755,48.355],[16.8812,48.3528],[16.8917,48.347],[16.9019,48.3394],[16.9065,48.3315],[16.9042,48.327],[16.9003,48.3212],[16.8984,48.3162],[16.9028,48.3141],[16.9055,48.312],[16.9089,48.307],[16.9121,48.3012],[16.9133,48.2967],[16.9166,48.2908],[16.9243,48.2875],[16.9334,48.2847],[16.9444,48.278],[16.9506,48.2766],[16.9543,48.2731],[16.9553,48.2688],[16.9539,48.2573],[16.9543,48.2526],[16.97,48.2166],[16.9747,48.1986],[16.9748,48.1769],[16.9819,48.1613],[17.0072,48.1428],[17.0209,48.1372],[17.0369,48.1355],[17.0475,48.131],[17.0625,48.1127],[17.0672,48.1069],[17.0802,48.0976],[17.07,48.0892],[17.0648,48.079],[17.0591,48.0604],[17.0631,48.0588],[17.0751,48.0521],[17.0697,48.0357],[17.0926,48.0273],[17.125,48.0195],[17.1483,48.0054],[17.0856,47.9701],[17.0961,47.9619],[17.0957,47.9557],[17.0909,47.9495],[17.0881,47.9409],[17.0861,47.9392],[17.0768,47.935],[17.0741,47.9321],[17.0752,47.9278],[17.0801,47.9258],[17.0854,47.9246],[17.0875,47.9226],[17.0833,47.9048],[17.0775,47.8917],[17.0676,47.8816],[17.0512,47.8729],[17.0166,47.8677],[17.0041,47.8633],[17.0044,47.8524],[17.0107,47.8479],[17.0317,47.8413],[17.0395,47.8374],[17.0491,47.8187],[17.0556,47.8124],[17.0406,47.8011],[17.042,47.7839],[17.0487,47.7636],[17.0506,47.731],[17.0555,47.7209],[17.064,47.7133],[17.0754,47.7085],[17.0548,47.702],[16.9819,47.6954],[16.9027,47.682],[16.8647,47.6867],[16.8502,47.7129],[16.8369,47.7054],[16.8173,47.6842],[16.8062,47.6769],[16.7975,47.6755],[16.7411,47.6815],[16.7304,47.6859],[16.7192,47.6937],[16.7116,47.7041],[16.7078,47.7146],[16.7025,47.7236],[16.6899,47.7296],[16.6098,47.7506],[16.5678,47.7542],[16.5311,47.743],[16.5251,47.7333],[16.5269,47.7201],[16.5214,47.7115],[16.5129,47.706],[16.473,47.6918],[16.4611,47.6845],[16.4545,47.6818],[16.4499,47.6824],[16.4449,47.6855],[16.4391,47.6905],[16.4318,47.6855],[16.4166,47.6688],[16.4078,47.6613],[16.4259,47.6543],[16.4819,47.639],[16.5096,47.6431],[16.5755,47.6249],[16.6084,47.6288],[16.6302,47.622],[16.6477,47.6061],[16.6562,47.5859],[16.6506,47.5666],[16.6675,47.5601],[16.6814,47.5506],[16.6891,47.538],[16.688,47.5226],[16.6774,47.5099],[16.6482,47.5015],[16.6368,47.4932],[16.6409,47.4529],[16.627,47.4455],[16.5894,47.4256],[16.4819,47.3923],[16.4699,47.4055],[16.4566,47.4118],[16.4441,47.4095],[16.434,47.3969],[16.4364,47.3585],[16.4343,47.3556],[16.4293,47.3538],[16.425,47.3511],[16.4244,47.3452],[16.4271,47.3414],[16.4317,47.3397],[16.4361,47.3386],[16.4388,47.3366],[16.4692,47.2932],[16.4732,47.2768],[16.4666,47.2634],[16.4525,47.2546],[16.4214,47.2431],[16.4214,47.243],[16.4247,47.2256],[16.4093,47.2037],[16.4128,47.1872],[16.4188,47.1837],[16.4267,47.1841],[16.4351,47.1836],[16.4418,47.1771],[16.4421,47.1683],[16.434,47.1513],[16.4337,47.1458],[16.4471,47.1397],[16.4809,47.1508],[16.4973,47.1497],[16.5095,47.1375],[16.5048,47.1258],[16.4819,47.1052],[16.4608,47.0963],[16.4543,47.0817],[16.4618,47.0685],[16.4819,47.0639],[16.4937,47.0598],[16.4972,47.0546],[16.4932,47.0491],[16.4819,47.0442],[16.4372,47.0318],[16.4247,47.0241],[16.4533,47.0217],[16.4676,47.0184],[16.4819,47.0094],[16.4864,46.9986],[16.4674,46.9954],[16.4414,46.9952],[16.4248,46.9931],[16.4248,46.993],[16.4204,46.9903],[16.4156,46.9894],[16.4104,46.9904],[16.405,46.9932],[16.3878,47.002],[16.3666,47.0038],[16.3259,47.0004],[16.2885,47.0056],[16.2749,47.0043],[16.2654,46.9933],[16.2611,46.9781],[16.253,46.9735],[16.2431,46.972],[16.2329,46.9661],[16.2304,46.96],[16.2312,46.9544],[16.2307,46.9483],[16.2239,46.9411],[16.217,46.9374],[16.1961,46.9313],[16.1707,46.9185],[16.1591,46.9103],[16.1229,46.8764],[16.1101,46.8679],[16.094,46.8628],[16.0529,46.8461],[16.032,46.8376],[16.0284,46.8369],[15.9876,46.83],[15.9817,46.8277],[15.972,46.8206],[15.9729,46.8184],[15.9773,46.8162],[15.9782,46.8091],[15.9713,46.7781],[15.971,46.7751],[15.9697,46.7605],[15.9705,46.743],[15.982,46.7185],[16.0033,46.7092],[16.0146,46.6937],[16.0167,46.6707],[16.0166,46.6708],[15.9979,46.6869],[15.987,46.6922],[15.9463,46.6972],[15.8785,46.7207],[15.8507,46.7245],[15.8229,46.7228],[15.7846,46.7122],[15.7551,46.704],[15.7287,46.703],[15.6521,46.7108],[15.636,46.7176],[15.6329,46.7025],[15.633,46.6896],[15.627,46.6809],[15.6217,46.6782],[15.6166,46.6756],[15.6037,46.673],[15.5886,46.676],[15.5673,46.6758],[15.546,46.6719],[15.5307,46.6638],[15.5208,46.6496],[15.5203,46.6477],[15.5176,46.6382],[15.5139,46.6325],[15.5112,46.6284],[15.4926,46.6183],[15.4627,46.6146],[15.44,46.6244],[15.4354,46.6272],[15.4176,46.638],[15.3881,46.6456],[15.3328,46.6436],[15.2049,46.639],[15.1726,46.6414],[15.1056,46.6463],[15.0857,46.6478],[15.062,46.6496],[15.0044,46.6368],[14.9672,46.6003],[14.948,46.6193],[14.9336,46.6211],[14.9195,46.615],[14.8977,46.6056],[14.8941,46.6052],[14.8771,46.6036],[14.863,46.6048],[14.8504,46.6011],[14.8336,46.5844],[14.8223,46.5675],[14.8145,46.5513],[14.8072,46.536],[14.7967,46.5194],[14.7886,46.5066],[14.783,46.5033],[14.7609,46.4963],[14.7353,46.4933],[14.7264,46.4977],[14.7097,46.4925],[14.7037,46.4878],[14.6988,46.481],[14.6871,46.4712],[14.68,46.4589],[14.6725,46.4598],[14.6666,46.4605],[14.6621,46.4597],[14.642,46.4452],[14.6317,46.4406],[14.6216,46.4385],[14.5999,46.4372],[14.5901,46.4344],[14.5754,46.4197],[14.567,46.4004],[14.5621,46.3917],[14.5577,46.3839],[14.5403,46.3786],[14.5271,46.3882],[14.5158,46.4054],[14.5022,46.4184],[14.4677,46.4127],[14.4509,46.4145],[14.4371,46.4189],[14.42,46.4244],[14.4144,46.429],[14.4112,46.4346],[14.4065,46.4393],[14.3958,46.441],[14.3622,46.4359],[14.2423,46.4382],[14.1499,46.4401],[14.1479,46.4404],[14.1373,46.4424],[14.081,46.4759],[14.0664,46.481],[14.05,46.4844],[14.0325,46.4847],[14.0149,46.4825],[13.9988,46.4805],[13.9823,46.4819],[13.8909,46.5118],[13.8607,46.5153],[13.7958,46.5079],[13.7821,46.5078],[13.7161,46.5189],[13.701,46.5197],[13.6853,46.5176],[13.6703,46.5187],[13.5492,46.5458],[13.5068,46.5469],[13.4991,46.5506],[13.4849,46.5617],[13.478,46.5636],[13.417,46.5605],[13.3733,46.5658],[13.2714,46.5508],[13.2311,46.5522],[13.21,46.558],[13.1465,46.585],[13.0645,46.598],[12.8304,46.6096],[12.7736,46.6352],[12.7485,46.641],[12.7399,46.643],[12.732,46.6423],[12.716,46.638],[12.7066,46.6377],[12.6974,46.6405],[12.6792,46.65],[12.6714,46.6525],[12.6696,46.653],[12.6202,46.6565],[12.562,46.6512],[12.5473,46.6522],[12.5308,46.6577],[12.4999,46.6721],[12.4696,46.6758],[12.4456,46.6787],[12.405,46.6901],[12.3704,46.7112],[12.3515,46.7432],[12.3427,46.7651],[12.326,46.7725],[12.3053,46.7745],[12.2844,46.78],[12.2748,46.7846],[12.2691,46.7886],[12.2667,46.7953],[12.2669,46.8083],[12.2696,46.8198],[12.2733,46.8268],[12.2761,46.834],[12.2758,46.8463],[12.2666,46.8681],[12.2508,46.8756],[12.2087,46.8766],[12.1951,46.8801],[12.189,46.8849],[12.1835,46.8912],[12.1722,46.8992],[12.161,46.903],[12.1374,46.9059],[12.1269,46.9089],[12.1416,46.9188],[12.1417,46.928],[12.1347,46.9374],[12.1282,46.9486],[12.1221,46.9717],[12.1178,46.9831],[12.1112,46.993],[12.1217,47.0105],[12.1823,47.0336],[12.2036,47.0533],[12.2039,47.067],[12.2042,47.0797],[12.1806,47.0852],[12.1331,47.0788],[12.1162,47.0766],[12.015,47.0405],[11.9436,47.0382],[11.8995,47.0277],[11.857,47.012],[11.8225,46.9933],[11.7771,46.9883],[11.7661,46.9834],[11.7464,46.9725],[11.7349,46.9706],[11.7162,46.9755],[11.6838,46.9919],[11.6648,46.9933],[11.6573,46.9925],[11.6497,46.993],[11.6485,46.9933],[11.6479,46.9933],[11.5965,47.0004],[11.5727,46.9989],[11.5437,46.9931],[11.5436,46.9931],[11.5434,46.993],[11.5433,46.993],[11.5338,46.9895],[11.5244,46.9883],[11.5153,46.9895],[11.507,46.993],[11.5017,46.9979],[11.4959,47.0016],[11.4894,47.0042],[11.4718,47.0071],[11.4618,47.0055],[11.4529,47.0009],[11.4453,46.9931],[11.4452,46.993],[11.4112,46.9705],[11.3806,46.9716],[11.3495,46.9819],[11.3138,46.9873],[11.2437,46.9793],[11.1745,46.9639],[11.1566,46.9565],[11.0919,46.9124],[11.0836,46.9001],[11.0731,46.865],[11.0543,46.8341],[11.0535,46.8303],[11.0546,46.8199],[11.0528,46.8149],[11.0485,46.8117],[11.0374,46.8083],[11.0333,46.8056],[11.0109,46.7792],[10.9969,46.7691],[10.9827,46.7677],[10.9657,46.7716],[10.9309,46.774],[10.9137,46.7723],[10.8803,46.7646],[10.8704,46.7641],[10.8602,46.767],[10.8431,46.777],[10.8341,46.7802],[10.8239,46.7803],[10.8049,46.7766],[10.7951,46.7769],[10.7663,46.7881],[10.7548,46.7908],[10.7337,46.7862],[10.7229,46.7864],[10.7169,46.7952],[10.7216,46.8001],[10.7438,46.8125],[10.7487,46.8194],[10.739,46.8295],[10.6625,46.861],[10.6471,46.8638],[10.6294,46.8624],[10.5277,46.8432],[10.4863,46.8464],[10.4538,46.8644],[10.4514,46.8858],[10.4638,46.9197],[10.4585,46.9366],[10.4496,46.9439],[10.4156,46.9624],[10.3947,46.9854],[10.3844,46.993],[10.3844,46.9932],[10.3843,46.9932],[10.379,46.9955],[10.3734,46.9963],[10.3679,46.9955],[10.3389,46.9841],[10.3137,46.9643],[10.2962,46.9414],[10.2957,46.9227],[10.2708,46.9219],[10.2513,46.9254],[10.2351,46.9233],[10.2199,46.9058],[10.2152,46.8931],[10.2143,46.8847],[10.2117,46.877],[10.2014,46.8668],[10.1578,46.8516],[10.132,46.8466],[10.1252,46.8468],[10.1113,46.8471],[10.0681,46.8566],[10.0456,46.8656],[10.0069,46.8908],[9.8999,46.9144],[9.8751,46.9274],[9.8624,46.9398],[9.8608,46.9492],[9.864,46.9599],[9.8665,46.9834],[9.8706,46.9929],[9.8706,46.9988],[9.8668,47.0019],[9.8606,47.0016],[9.8563,47.0041],[9.858,47.0155],[9.6691,47.0562],[9.6523,47.0579],[9.5999,47.0535],[9.5812,47.0569],[9.6088,47.0808],[9.6157,47.1068],[9.6056,47.1323],[9.5818,47.1549],[9.5521,47.1669],[9.552,47.1756],[9.5619,47.1906],[9.5629,47.1977],[9.5543,47.2116],[9.5448,47.2203],[9.5404,47.2291],[9.5471,47.243],[9.5303,47.2537],[9.5212,47.2628],[9.5533,47.2999],[9.5874,47.3278],[9.5912,47.3347],[9.5964,47.3523],[9.601,47.3613],[9.6398,47.3945],[9.6495,47.4097],[9.6503,47.4521],[9.6217,47.4692],[9.5845,47.4807],[9.555,47.5109],[9.5531,47.5169],[9.5475,47.5345],[9.5499,47.5335],[9.5541,47.5327],[9.6126,47.5219],[9.6767,47.5226],[9.704,47.5314],[9.7185,47.5467],[9.7309,47.5649],[9.7527,47.5821],[9.7671,47.5873],[9.7821,47.5884],[9.7963,47.585],[9.808,47.5763],[9.8113,47.5645],[9.8093,47.5523],[9.8131,47.5418],[9.8335,47.5346],[9.8415,47.535],[9.8538,47.5404],[9.8589,47.5413],[9.889,47.5338],[9.9188,47.5322],[9.9338,47.5342],[9.9459,47.5408],[9.9487,47.5242],[9.9592,47.5149],[9.9717,47.5064],[9.9808,47.4929],[9.9808,47.4899],[9.9811,47.4869],[9.9826,47.481],[9.9936,47.4766],[10.0024,47.4792],[10.0113,47.4844],[10.0226,47.488],[10.0718,47.4391],[10.0806,47.4274],[10.076,47.4169],[10.0532,47.4049],[10.0642,47.3962],[10.0669,47.3858],[10.0678,47.375],[10.0732,47.3655],[10.0829,47.3591],[10.0896,47.3593],[10.0972,47.3631],[10.1104,47.3674],[10.1153,47.367],[10.1257,47.3627],[10.1308,47.3627],[10.1351,47.3649],[10.147,47.3738],[10.1909,47.3792],[10.2093,47.3725],[10.2086,47.3545],[10.1905,47.3175],[10.1927,47.3109],[10.1933,47.3049],[10.1908,47.2983],[10.1859,47.295],[10.1727,47.2923],[10.1687,47.2904],[10.1595,47.2791],[10.1554,47.2729],[10.1599,47.2711],[10.175,47.2724],[10.2394,47.2777],[10.2612,47.2835],[10.3059,47.3022],[10.3254,47.3143],[10.3434,47.3308],[10.3657,47.3611],[10.3716,47.3674],[10.382,47.3721],[10.4031,47.3771],[10.4116,47.381],[10.4283,47.396],[10.4429,47.4163],[10.452,47.4388],[10.4517,47.4602],[10.4476,47.4726],[10.4422,47.4814],[10.4337,47.4879],[10.4196,47.493],[10.4297,47.5329],[10.431,47.5422],[10.4244,47.5534],[10.4157,47.5644],[10.4142,47.573],[10.4292,47.577],[10.446,47.5791],[10.4536,47.5811],[10.4571,47.5792],[10.4616,47.5699],[10.4603,47.566],[10.4555,47.5612],[10.4517,47.5548],[10.4535,47.5462],[10.4588,47.5416],[10.4669,47.5377],[10.4825,47.5329],[10.5251,47.5285],[10.5369,47.5299],[10.5496,47.5368],[10.5699,47.5559],[10.5837,47.5625],[10.6079,47.5623],[10.7399,47.5285],[10.7439,47.5253],[10.7472,47.5202],[10.7522,47.5154],[10.7608,47.5136],[10.7903,47.5161],[10.8306,47.5286],[10.8448,47.5313],[10.8586,47.5307],[10.8693,47.5266],[10.8922,47.5149],[10.8839,47.508],[10.8516,47.4931],[10.8584,47.4852],[10.9099,47.469],[10.9598,47.4325],[10.9628,47.428],[10.9631,47.4212],[10.9609,47.4143],[10.9577,47.4097],[10.9553,47.4096],[10.9655,47.3961],[10.9795,47.3905],[11.0837,47.3895],[11.1033,47.3936],[11.1686,47.4243],[11.1938,47.4289],[11.2152,47.423],[11.213,47.3958],[11.237,47.394],[11.2588,47.4007],[11.2731,47.4111],[11.2863,47.4232],[11.3056,47.4354],[11.3242,47.4394],[11.3677,47.4401],[11.3839,47.4449],[11.3925,47.4548],[11.3886,47.4622],[11.3778,47.4671],[11.3655,47.4693],[11.4126,47.5061],[11.4354,47.5097],[11.46,47.5074],[11.4826,47.5026],[11.5295,47.5079],[11.5512,47.5137],[11.5694,47.5274],[11.5745,47.5366],[11.5823,47.5598],[11.5891,47.5704],[11.617,47.5868],[11.6205,47.5897],[11.639,47.5892],[11.6826,47.5834],[11.764,47.5831],[11.8203,47.5753],[11.8307,47.5776],[11.8407,47.5946],[11.852,47.5992],[11.9359,47.6107],[12.1656,47.604],[12.1736,47.6051],[12.2021,47.6298],[12.2057,47.6362],[12.2068,47.6456],[12.2051,47.6723],[12.2023,47.6778],[12.1973,47.6801],[12.1891,47.6856],[12.1818,47.6921],[12.1786,47.6977],[12.1766,47.7058],[12.1924,47.7102],[12.2165,47.7237],[12.2252,47.7274],[12.2397,47.7317],[12.2422,47.732],[12.2391,47.7274],[12.2365,47.7168],[12.233,47.7089],[12.2266,47.7029],[12.2233,47.6959],[12.2288,47.6849],[12.2387,47.6789],[12.2496,47.68],[12.2719,47.6879],[12.2937,47.69],[12.3515,47.6817],[12.3684,47.6836],[12.4077,47.6937],[12.4241,47.6916],[12.4288,47.6858],[12.4392,47.6645],[12.4447,47.6563],[12.4528,47.6498],[12.4825,47.6336],[12.4966,47.6289],[12.5171,47.6285],[12.5382,47.6313],[12.5538,47.636],[12.5634,47.6418],[12.5984,47.6629],[12.6174,47.6693],[12.6531,47.6751],[12.6887,47.6751],[12.7448,47.6654],[12.762,47.6669],[12.7517,47.6494],[12.7674,47.6364],[12.7933,47.6248],[12.8132,47.6118],[12.7859,47.6027],[12.7737,47.5795],[12.7789,47.5548],[12.8036,47.5413],[12.819,47.5395],[12.8284,47.5373],[12.8369,47.5327],[12.8826,47.4986],[12.9316,47.4735],[12.9425,47.4705],[12.951,47.4725],[12.9593,47.4755],[12.9697,47.4757],[12.9793,47.4722],[12.9849,47.4683],[12.9911,47.4657],[13.0019,47.466],[13.0088,47.4701],[13.0373,47.493],[13.037,47.5014],[13.0344,47.5074],[13.0312,47.5126],[13.029,47.518],[13.0281,47.5242],[13.0281,47.5416],[13.0306,47.5443],[13.0401,47.5605],[13.0412,47.5619],[13.0391,47.5613],[13.0383,47.584],[13.0409,47.5834],[13.0571,47.5977],[13.0577,47.6004],[13.0696,47.6202],[13.072,47.6224],[13.0742,47.6345],[13.0748,47.6467],[13.072,47.6595],[13.0641,47.674],[13.0446,47.6966],[13.0323,47.7066],[13.0199,47.7129],[13.0044,47.7146],[12.979,47.7071],[12.964,47.7054],[12.9083,47.7124],[12.892,47.7235],[12.9106,47.7429],[12.9108,47.7431],[12.9172,47.7502],[12.919,47.7568],[12.9193,47.7632],[12.9213,47.7695],[12.9267,47.7774],[12.9912,47.8471],[12.9866,47.8503],[12.965,47.872],[12.9311,47.9249],[12.9142,47.936],[12.9062,47.9389],[12.886,47.9529],[12.862,47.9626],[12.854,47.9705],[12.8486,47.9809],[12.8482,47.9824],[12.8456,47.9931],[12.8306,48.0155],[12.7602,48.0649],[12.7509,48.0747],[12.742,48.0868],[12.737,48.1],[12.7389,48.1134],[12.745,48.1206],[12.7514,48.1221],[12.758,48.1219],[12.7641,48.1238],[12.7783,48.1387],[12.7824,48.142],[12.8221,48.1607],[12.8352,48.1707],[12.8535,48.19],[12.8626,48.1966],[12.8776,48.202],[12.933,48.2093],[12.9317,48.2116],[12.9472,48.22],[12.9794,48.232],[13.0167,48.2559],[13.0328,48.2636],[13.1364,48.2911],[13.2742,48.3071],[13.3078,48.3196],[13.4056,48.3766],[13.4195,48.3922],[13.4252,48.4134],[13.4272,48.4185],[13.4317,48.4237],[13.4362,48.4306],[13.4382,48.441],[13.4364,48.4692],[13.4382,48.4785],[13.443,48.4877],[13.4564,48.5067],[13.4592,48.5164],[13.457,48.5252],[13.4477,48.5348],[13.4437,48.5529],[13.4407,48.5573],[13.4401,48.561],[13.4456,48.5679],[13.4546,48.5734],[13.4872,48.5816],[13.5207,48.5846],[13.6244,48.5654],[13.6418,48.5591],[13.6581,48.5511],[13.6734,48.5355],[13.7143,48.5232],[13.7165,48.5217],[13.7254,48.5484],[13.7339,48.5598],[13.7373,48.5593],[13.7581,48.5615],[13.766,48.5638],[13.7743,48.5692],[13.779,48.5739],[13.7962,48.5986],[13.8024,48.6117],[13.8055,48.6261],[13.8062,48.6429],[13.8009,48.6752],[13.8035,48.6872],[13.8169,48.6956],[13.8044,48.6996],[13.7994,48.7026],[13.7888,48.7165],[13.7836,48.7153],[13.7859,48.7248],[13.8157,48.7664],[13.8559,48.7593],[13.8749,48.7524],[13.8931,48.743],[13.915,48.731],[13.9823,48.7065],[13.9911,48.7002],[14.0078,48.6833],[14.0142,48.6751],[14.0192,48.6719],[14.0262,48.6701],[14.0321,48.6673],[14.0347,48.6612],[14.0329,48.6549],[14.0283,48.654],[14.0235,48.6546],[14.0205,48.6532],[14.0137,48.6438],[14.0081,48.6424],[14.0062,48.6395],[14.0109,48.6259],[14.0152,48.6204],[14.0325,48.6061],[14.0408,48.6012],[14.0748,48.5917],[14.2165,48.5812],[14.3157,48.5579],[14.3254,48.5586],[14.3332,48.5607],[14.3534,48.5714],[14.4054,48.5863],[14.4212,48.5971],[14.4436,48.6365],[14.4582,48.6432],[14.4821,48.6245],[14.522,48.6106],[14.5338,48.6087],[14.5488,48.6109],[14.5788,48.6205],[14.5942,48.6213],[14.6006,48.6176],[14.6018,48.6112],[14.6019,48.6045],[14.6051,48.6003],[14.6129,48.5997],[14.6282,48.6033],[14.6347,48.6023],[14.6454,48.5929],[14.6513,48.5835],[14.6592,48.577],[14.6756,48.5762],[14.6911,48.5865],[14.6957,48.5895],[14.7007,48.6155],[14.7002,48.6461],[14.7038,48.6731],[14.7227,48.6934],[14.7754,48.724],[14.7804,48.7431],[14.7904,48.7549],[14.7945,48.767],[14.8004,48.7765],[14.8155,48.7803],[14.8676,48.7756],[14.9193,48.7616],[14.9396,48.7628],[14.9511,48.7803],[14.9489,48.7821],[14.9444,48.7886],[14.9401,48.7965],[14.9381,48.8028],[14.9398,48.8098],[14.947,48.8224],[14.9682,48.885],[14.9683,48.9127],[14.9642,48.9433],[14.9646,48.9717],[14.9782,48.9928],[14.9773,48.9983],[14.9773,49.0029],[14.9789,49.0063],[14.9821,49.0079],[15.004,49.0098],[15.0596,48.9972],[15.1374,48.993],[15.1447,48.9789],[15.149,48.9653],[15.1486,48.9517],[15.1419,48.9375],[15.1618,48.9372],[15.2381,48.9508],[15.2432,48.9529],[15.2571,48.9639],[15.2604,48.9692],[15.2629,48.9826],[15.2669,48.9867],[15.2745,48.9867],[15.2796,48.9826],[15.2837,48.9776],[15.2887,48.9754],[15.3355,48.975],[15.3579,48.9708],[15.4059,48.9547],[15.4504,48.9448],[15.4719,48.9367],[15.5213,48.9085],[15.5442,48.9026],[15.6037,48.8874],[15.6813,48.8585],[15.7038,48.855],[15.7268,48.855],[15.7437,48.8585],[15.7792,48.8709],[15.7879,48.8723],[15.8185,48.8723],[15.8243,48.8694],[15.8283,48.8571],[15.8333,48.852],[15.8401,48.8501],[15.8592,48.8492],[15.8702,48.8439],[15.8776,48.8417],[15.886,48.842],[15.8758,48.8331],[15.8884,48.8351],[15.8996,48.8347],[15.9071,48.8303],[15.9081,48.8197],[15.9251,48.8226],[15.9303,48.8183],[15.9303,48.8114],[15.9318,48.8064],[16.0323,48.7581],[16.0854,48.7429],[16.1778,48.7465],[16.3176,48.7328],[16.3187,48.7335],[16.3395,48.7356],[16.3527,48.7284],[16.3583,48.7273],[16.374,48.7303],[16.385,48.7371],[16.4357,48.7945],[16.4531,48.8022],[16.4819,48.7994],[16.4923,48.7997],[16.5103,48.8048],[16.5195,48.8056],[16.5287,48.8035],[16.5458,48.7963],[16.6055,48.7848],[16.624,48.7834],[16.6431,48.7783],[16.651,48.7662],[16.6547,48.7519],[16.662,48.74],[16.6751,48.7339],[16.691,48.7321],[16.729,48.7331],[16.7443,48.7296],[16.7805,48.7138],[16.7989,48.7092],[16.8181,48.7108],[16.8566,48.7198],[16.873,48.719],[16.8967,48.697],[16.9105,48.6308],[16.945,48.6042]]],[[[7.0221,45.9253],[7.0669,45.8902],[7.0902,45.8805],[7.1209,45.8761],[7.1535,45.8765],[7.1837,45.8805],[7.2454,45.8981],[7.2735,45.9103],[7.2867,45.9134],[7.3618,45.9078],[7.3938,45.9157],[7.453,45.9459],[7.4827,45.9549],[7.5037,45.9567],[7.5147,45.9667],[7.5244,45.9781],[7.5411,45.9841],[7.643,45.9663],[7.6587,45.96],[7.6737,45.9503],[7.6925,45.9312],[7.694,45.9287],[7.7063,45.9257],[7.7146,45.9271],[7.7222,45.9296],[7.732,45.9304],[7.7801,45.9181],[7.8076,45.9185],[7.8254,45.9147],[7.8312,45.9145],[7.8437,45.9192],[7.8461,45.9226],[7.8453,45.9278],[7.8484,45.9381],[7.8496,45.9397],[7.8702,45.9404],[7.8729,45.9594],[7.8838,45.9739],[7.8982,45.9819],[7.9691,45.9931],[7.9787,45.9952],[7.9858,45.9993],[7.9984,46.0106],[7.9991,46.0128],[8.0088,46.0277],[8.0107,46.0297],[8.0159,46.0582],[8.016,46.0694],[8.0182,46.0809],[8.0253,46.0911],[8.0354,46.0965],[8.056,46.0981],[8.0669,46.1006],[8.1106,46.127],[8.1323,46.1594],[8.1295,46.196],[8.0999,46.2356],[8.0766,46.2497],[8.0731,46.2536],[8.0773,46.262],[8.0873,46.2718],[8.1069,46.2855],[8.1285,46.2925],[8.1719,46.2992],[8.1926,46.3092],[8.2417,46.3541],[8.2701,46.364],[8.2815,46.3701],[8.2915,46.3784],[8.2975,46.3875],[8.297,46.3976],[8.2904,46.4011],[8.2866,46.4054],[8.295,46.418],[8.3163,46.4337],[8.3434,46.4439],[8.3859,46.4502],[8.3992,46.4522],[8.4279,46.4487],[8.4416,46.4349],[8.4458,46.4124],[8.4463,46.3822],[8.4429,46.3534],[8.4266,46.3016],[8.4232,46.2758],[8.4272,46.2514],[8.4381,46.2354],[8.4565,46.2248],[8.4827,46.2175],[8.5103,46.2079],[8.5387,46.1876],[8.6018,46.1228],[8.6115,46.1194],[8.6309,46.1147],[8.6775,46.0958],[8.6951,46.0952],[8.7022,46.098],[8.7177,46.1075],[8.7239,46.1095],[8.729,46.1082],[8.7322,46.1074],[8.7395,46.0981],[8.7471,46.0944],[8.7632,46.0929],[8.7939,46.0934],[8.8089,46.0897],[8.8344,46.0664],[8.8196,46.0429],[8.791,46.0187],[8.7734,45.9906],[8.7696,45.9858],[8.7679,45.9831],[8.7851,45.9823],[8.8004,45.9785],[8.8577,45.9571],[8.8645,45.9534],[8.871,45.9471],[8.8808,45.9311],[8.8981,45.9096],[8.9065,45.8965],[8.9121,45.8834],[8.9138,45.8661],[8.9097,45.8537],[8.9037,45.8418],[8.9,45.8264],[8.9396,45.8348],[8.9724,45.8246],[9.0024,45.8207],[9.0344,45.8481],[9.0593,45.882],[9.0631,45.899],[9.0517,45.9155],[9.0423,45.9197],[9.0205,45.9228],[9.0108,45.9267],[9.0017,45.9361],[8.9934,45.9543],[8.9827,45.9618],[8.9805,45.9644],[8.9798,45.9669],[8.9805,45.9695],[8.9827,45.972],[9.0156,45.9931],[8.9978,46.0279],[9.0021,46.0393],[9.0277,46.0531],[9.0497,46.0579],[9.0592,46.0618],[9.0671,46.0711],[9.0703,46.0834],[9.0682,46.106],[9.0721,46.1189],[9.0906,46.1382],[9.1632,46.1723],[9.1638,46.173],[9.1711,46.1826],[9.1758,46.1941],[9.1813,46.2041],[9.1922,46.2096],[9.2042,46.2136],[9.2157,46.2211],[9.2248,46.2312],[9.2397,46.267],[9.269,46.3094],[9.2752,46.3314],[9.2738,46.3443],[9.2604,46.3797],[9.2603,46.394],[9.2629,46.4066],[9.2609,46.4167],[9.2476,46.423],[9.238,46.4365],[9.2458,46.461],[9.2632,46.4851],[9.2823,46.4974],[9.331,46.5015],[9.3508,46.4979],[9.3516,46.4855],[9.3771,46.4687],[9.3846,46.4664],[9.3955,46.4694],[9.4003,46.4754],[9.4038,46.4825],[9.4107,46.4889],[9.4268,46.4971],[9.4346,46.4983],[9.4379,46.492],[9.4438,46.3961],[9.4424,46.3809],[9.4444,46.3753],[9.4516,46.3704],[9.4737,46.3619],[9.4826,46.3568],[9.5026,46.3207],[9.5153,46.3086],[9.5365,46.2986],[9.5597,46.2927],[9.6743,46.2918],[9.6931,46.2971],[9.7084,46.3117],[9.7088,46.3196],[9.7073,46.331],[9.7093,46.3424],[9.7201,46.3509],[9.7309,46.3507],[9.7552,46.3405],[9.7681,46.3386],[9.7888,46.3433],[9.8554,46.367],[9.899,46.3722],[9.9184,46.3712],[9.939,46.3675],[9.964,46.3561],[9.9706,46.3398],[9.971,46.32],[9.9776,46.2981],[9.9922,46.2844],[10.0317,46.2601],[10.0418,46.2431],[10.0427,46.2205],[10.0757,46.22],[10.1179,46.2311],[10.1458,46.2433],[10.1589,46.2624],[10.1461,46.2803],[10.1049,46.3094],[10.0958,46.3205],[10.0918,46.329],[10.0924,46.3381],[10.0975,46.3516],[10.105,46.3614],[10.126,46.3744],[10.1332,46.3811],[10.1408,46.4029],[10.1334,46.414],[10.1162,46.4188],[10.0714,46.4248],[10.0421,46.4327],[10.0263,46.4463],[10.044,46.467],[10.0353,46.4711],[10.0305,46.4767],[10.0281,46.4839],[10.0269,46.4932],[10.0312,46.5038],[10.0314,46.5258],[10.0328,46.533],[10.0413,46.5419],[10.0629,46.5567],[10.0712,46.5644],[10.0835,46.597],[10.0878,46.6044],[10.0975,46.608],[10.1921,46.6268],[10.2179,46.627],[10.2338,46.618],[10.2357,46.6067],[10.2303,46.5862],[10.2347,46.5753],[10.2759,46.5655],[10.2838,46.5607],[10.2891,46.5557],[10.2954,46.5511],[10.3066,46.5475],[10.3195,46.546],[10.3543,46.5483],[10.4259,46.5353],[10.444,46.5377],[10.4518,46.5467],[10.4579,46.5537],[10.4659,46.5785],[10.4666,46.6043],[10.4591,46.6236],[10.4382,46.6357],[10.3956,46.6388],[10.3775,46.6533],[10.3692,46.6724],[10.3739,46.6819],[10.3848,46.689],[10.3944,46.7008],[10.3966,46.715],[10.3956,46.7264],[10.3997,46.7355],[10.4166,46.743],[10.4287,46.7556],[10.4262,46.7694],[10.4191,46.784],[10.4172,46.7989],[10.439,46.8169],[10.4449,46.8232],[10.4485,46.8322],[10.4538,46.8644],[10.4863,46.8464],[10.5277,46.8432],[10.6294,46.8624],[10.6471,46.8638],[10.6625,46.861],[10.739,46.8295],[10.7487,46.8194],[10.7438,46.8125],[10.7216,46.8001],[10.7169,46.7952],[10.7229,46.7864],[10.7337,46.7862],[10.7548,46.7908],[10.7663,46.7881],[10.7951,46.7769],[10.8049,46.7766],[10.8239,46.7803],[10.8341,46.7802],[10.8431,46.777],[10.8602,46.767],[10.8704,46.7641],[10.8803,46.7646],[10.9137,46.7723],[10.9309,46.774],[10.9657,46.7716],[10.9827,46.7677],[10.9969,46.7691],[11.0109,46.7792],[11.0333,46.8056],[11.0374,46.8083],[11.0485,46.8117],[11.0528,46.8149],[11.0546,46.8199],[11.0535,46.8303],[11.0543,46.8341],[11.0731,46.865],[11.0836,46.9001],[11.0919,46.9124],[11.1566,46.9565],[11.1745,46.9639],[11.2437,46.9793],[11.3138,46.9873],[11.3495,46.9819],[11.3806,46.9716],[11.4112,46.9705],[11.4452,46.993],[11.4453,46.9931],[11.4529,47.0009],[11.4618,47.0055],[11.4718,47.0071],[11.4894,47.0042],[11.4959,47.0016],[11.5017,46.9979],[11.507,46.993],[11.5153,46.9895],[11.5244,46.9883],[11.5338,46.9895],[11.5433,46.993],[11.5434,46.993],[11.5436,46.9931],[11.5437,46.9931],[11.5727,46.9989],[11.5965,47.0004],[11.6479,46.9933],[11.6485,46.9933],[11.6497,46.993],[11.6573,46.9925],[11.6648,46.9933],[11.6838,46.9919],[11.7162,46.9755],[11.7349,46.9706],[11.7464,46.9725],[11.7661,46.9834],[11.7771,46.9883],[11.8225,46.9933],[11.857,47.012],[11.8995,47.0277],[11.9436,47.0382],[12.015,47.0405],[12.1162,47.0766],[12.1331,47.0788],[12.1806,47.0852],[12.2042,47.0797],[12.2039,47.067],[12.2036,47.0533],[12.1823,47.0336],[12.1217,47.0105],[12.1112,46.993],[12.1178,46.9831],[12.1221,46.9717],[12.1282,46.9486],[12.1347,46.9374],[12.1417,46.928],[12.1416,46.9188],[12.1269,46.9089],[12.1374,46.9059],[12.161,46.903],[12.1722,46.8992],[12.1835,46.8912],[12.189,46.8849],[12.1951,46.8801],[12.2087,46.8766],[12.2508,46.8756],[12.2666,46.8681],[12.2758,46.8463],[12.2761,46.834],[12.2733,46.8268],[12.2696,46.8198],[12.2669,46.8083],[12.2667,46.7953],[12.2691,46.7886],[12.2748,46.7846],[12.2844,46.78],[12.3053,46.7745],[12.326,46.7725],[12.3427,46.7651],[12.3515,46.7432],[12.3704,46.7112],[12.405,46.6901],[12.4456,46.6787],[12.4696,46.6758],[12.4999,46.6721],[12.5308,46.6577],[12.5473,46.6522],[12.562,46.6512],[12.6202,46.6565],[12.6696,46.653],[12.6714,46.6525],[12.6792,46.65],[12.6974,46.6405],[12.7066,46.6377],[12.716,46.638],[12.732,46.6423],[12.7399,46.643],[12.7485,46.641],[12.7736,46.6352],[12.8304,46.6096],[13.0645,46.598],[13.1465,46.585],[13.21,46.558],[13.2311,46.5522],[13.2714,46.5508],[13.3733,46.5658],[13.417,46.5605],[13.478,46.5636],[13.4849,46.5617],[13.4991,46.5506],[13.5068,46.5469],[13.5492,46.5458],[13.6703,46.5187],[13.6853,46.5176],[13.701,46.5197],[13.7011,46.5119],[13.6992,46.5048],[13.6955,46.4986],[13.6899,46.4933],[13.6884,46.4678],[13.6859,46.464],[13.6775,46.4521],[13.6588,46.4451],[13.6341,46.4457],[13.6002,46.4426],[13.5757,46.4267],[13.5544,46.406],[13.53,46.3883],[13.4837,46.3712],[13.4597,46.359],[13.4473,46.3548],[13.4341,46.3539],[13.4232,46.3448],[13.4098,46.3236],[13.3956,46.3067],[13.3913,46.3016],[13.3653,46.2903],[13.373,46.2803],[13.3786,46.2684],[13.3847,46.2433],[13.3848,46.2432],[13.3849,46.2431],[13.3981,46.2305],[13.4016,46.2167],[13.4101,46.208],[13.4374,46.2109],[13.4228,46.2286],[13.4383,46.2249],[13.4683,46.2234],[13.4823,46.2179],[13.5102,46.214],[13.529,46.2048],[13.559,46.1841],[13.5845,46.1813],[13.6139,46.1835],[13.6274,46.1817],[13.6374,46.1804],[13.6411,46.1714],[13.645,46.1617],[13.6164,46.125],[13.5226,46.0753],[13.5051,46.066],[13.4823,46.0448],[13.4903,46.0389],[13.4928,46.0325],[13.49,46.0256],[13.4823,46.0184],[13.4771,46.0161],[13.4618,46.0064],[13.4748,45.9957],[13.4795,45.9931],[13.4804,45.9923],[13.4812,45.9914],[13.4818,45.9904],[13.4823,45.9892],[13.5094,45.9674],[13.5394,45.969],[13.5717,45.9798],[13.6007,45.9846],[13.6059,45.9854],[13.6228,45.9664],[13.6153,45.9459],[13.6082,45.9266],[13.5993,45.9123],[13.5693,45.8645],[13.566,45.8303],[13.5742,45.819],[13.5813,45.8092],[13.6092,45.7986],[13.6436,45.7957],[13.6603,45.792],[13.6999,45.7705],[13.7095,45.7653],[13.7787,45.7434],[13.8584,45.6494],[13.8692,45.6411],[13.8841,45.6351],[13.8931,45.6347],[13.8936,45.6338],[13.8947,45.6318],[13.887,45.6188],[13.8679,45.6022],[13.8478,45.5847],[13.8005,45.5812],[13.7611,45.5962],[13.7118,45.5932],[13.7188,45.6007],[13.7302,45.6131],[13.757,45.6137],[13.7869,45.6112],[13.8081,45.6143],[13.7956,45.617],[13.7865,45.6243],[13.7771,45.6354],[13.7393,45.6491],[13.7577,45.655],[13.7537,45.6723],[13.7391,45.6916],[13.7262,45.7038],[13.6473,45.762],[13.6289,45.7726],[13.5742,45.7896],[13.5513,45.7924],[13.5344,45.782],[13.5242,45.7601],[13.5283,45.7405],[13.5549,45.7372],[13.5184,45.7248],[13.5134,45.7208],[13.5078,45.7144],[13.4802,45.7107],[13.4692,45.7069],[13.4517,45.6938],[13.428,45.6811],[13.4017,45.6754],[13.3767,45.6832],[13.391,45.6858],[13.4092,45.6913],[13.4248,45.6986],[13.4314,45.7069],[13.4226,45.7241],[13.3817,45.73],[13.3694,45.7446],[13.3518,45.7403],[13.2549,45.756],[13.2459,45.7589],[13.2219,45.7761],[13.2155,45.7788],[13.2049,45.7777],[13.1694,45.7687],[13.1577,45.7546],[13.1497,45.7515],[13.1398,45.7549],[13.1314,45.7689],[13.1193,45.772],[13.1108,45.7676],[13.1082,45.7582],[13.1118,45.7488],[13.1229,45.7446],[13.1229,45.7372],[13.1006,45.7362],[13.0806,45.7276],[13.0696,45.7137],[13.075,45.6968],[13.0915,45.6892],[13.1117,45.6914],[13.1497,45.7038],[13.138,45.6894],[13.103,45.669],[13.0956,45.6523],[13.0956,45.6522],[13.085,45.6419],[13.0606,45.6367],[12.9817,45.6348],[12.9439,45.6286],[12.7808,45.5535],[12.6117,45.4962],[12.5127,45.4704],[12.4959,45.4604],[12.4878,45.4567],[12.4514,45.4504],[12.4237,45.4381],[12.4103,45.4362],[12.4182,45.4511],[12.4292,45.464],[12.4358,45.4749],[12.4309,45.484],[12.4406,45.483],[12.4473,45.4843],[12.451,45.489],[12.4514,45.4982],[12.4582,45.4982],[12.4629,45.4897],[12.467,45.4856],[12.4719,45.4859],[12.4787,45.4908],[12.465,45.5045],[12.4763,45.5036],[12.4872,45.5041],[12.4973,45.5067],[12.4992,45.5045],[12.4998,45.5058],[12.5032,45.5029],[12.5062,45.4991],[12.5066,45.4982],[12.5032,45.4979],[12.4929,45.4982],[12.4929,45.4908],[12.5151,45.4927],[12.5205,45.505],[12.5215,45.519],[12.5304,45.5256],[12.5481,45.527],[12.5625,45.5316],[12.5736,45.54],[12.5817,45.5529],[12.5697,45.5494],[12.5442,45.5366],[12.5373,45.5358],[12.5183,45.55],[12.5105,45.5591],[12.5066,45.5733],[12.4852,45.565],[12.4585,45.5483],[12.4419,45.5303],[12.4514,45.5181],[12.4514,45.5119],[12.4349,45.5124],[12.4177,45.5236],[12.4103,45.5181],[12.4036,45.5181],[12.3967,45.5393],[12.3841,45.523],[12.3904,45.514],[12.424,45.5045],[12.424,45.4982],[12.4116,45.4933],[12.3934,45.4916],[12.3805,45.4948],[12.3831,45.5045],[12.3504,45.5049],[12.3096,45.4889],[12.2727,45.4636],[12.2527,45.4362],[12.2527,45.43],[12.259,45.43],[12.25,45.4207],[12.2461,45.4113],[12.2485,45.4025],[12.259,45.3952],[12.2492,45.3855],[12.2474,45.3782],[12.2481,45.371],[12.2453,45.3611],[12.2378,45.3577],[12.2283,45.3575],[12.2238,45.3539],[12.2322,45.3406],[12.2209,45.3271],[12.2163,45.3162],[12.2088,45.3091],[12.1875,45.3065],[12.1743,45.3105],[12.1629,45.3162],[12.1545,45.3135],[12.1491,45.2922],[12.1598,45.2831],[12.1688,45.2622],[12.1807,45.258],[12.1917,45.2629],[12.1994,45.2746],[12.2019,45.2883],[12.1974,45.2996],[12.2173,45.2938],[12.2214,45.2833],[12.2206,45.2688],[12.2249,45.2512],[12.2139,45.2481],[12.2111,45.243],[12.2152,45.2368],[12.2249,45.2307],[12.2214,45.2163],[12.2305,45.2043],[12.2473,45.1969],[12.2664,45.1966],[12.2635,45.2003],[12.2625,45.2008],[12.259,45.2028],[12.2737,45.2108],[12.2961,45.2266],[12.3073,45.2307],[12.298,45.2154],[12.304,45.2008],[12.3151,45.1865],[12.3211,45.1723],[12.322,45.1387],[12.3285,45.101],[12.3184,45.1035],[12.3073,45.1079],[12.3084,45.1144],[12.3073,45.1242],[12.3073,45.1284],[12.2974,45.1063],[12.2967,45.0886],[12.3067,45.0786],[12.3285,45.0799],[12.3252,45.0837],[12.3236,45.0867],[12.3211,45.0936],[12.3408,45.0814],[12.353,45.067],[12.3633,45.0522],[12.3762,45.039],[12.3762,45.0322],[12.3683,45.0312],[12.3641,45.0294],[12.3608,45.0271],[12.3552,45.0246],[12.3688,45.011],[12.3836,45.0264],[12.3866,45.0388],[12.3806,45.0509],[12.3688,45.0656],[12.3833,45.0563],[12.4014,45.0499],[12.4134,45.0429],[12.4103,45.0322],[12.4263,45.02],[12.4341,45.0155],[12.4446,45.011],[12.4647,44.992],[12.4862,44.9765],[12.4992,44.9837],[12.4959,44.984],[12.4891,44.9833],[12.4861,44.9837],[12.4861,44.9912],[12.5026,44.9914],[12.5168,44.9876],[12.5276,44.9802],[12.5339,44.97],[12.533,44.9608],[12.5231,44.95],[12.527,44.9433],[12.5188,44.9338],[12.5154,44.9284],[12.5127,44.9223],[12.5066,44.9223],[12.499,44.9215],[12.4949,44.9105],[12.4929,44.8782],[12.4873,44.8623],[12.4741,44.8458],[12.4446,44.8205],[12.4431,44.825],[12.4387,44.8349],[12.4321,44.846],[12.424,44.8546],[12.4392,44.8776],[12.443,44.8901],[12.4383,44.9011],[12.4269,44.905],[12.4155,44.8998],[12.4069,44.8913],[12.4036,44.8847],[12.3921,44.8684],[12.3916,44.8588],[12.4165,44.8511],[12.4159,44.8436],[12.4082,44.8362],[12.3967,44.8335],[12.3967,44.8266],[12.4038,44.8254],[12.4163,44.8214],[12.424,44.8205],[12.4162,44.8033],[12.398,44.7938],[12.3757,44.7922],[12.3574,44.8041],[12.3469,44.8153],[12.3211,44.8335],[12.303,44.8429],[12.2923,44.8432],[12.2664,44.8266],[12.2664,44.8205],[12.28,44.8205],[12.2536,44.7513],[12.2466,44.7116],[12.2527,44.6684],[12.2659,44.6362],[12.2749,44.6205],[12.2835,44.6138],[12.2858,44.6027],[12.28,44.5319],[12.2837,44.4876],[12.3142,44.3872],[12.3182,44.3612],[12.3211,44.3537],[12.3255,44.3478],[12.3392,44.3343],[12.3421,44.3295],[12.3442,44.3083],[12.3503,44.2882],[12.3688,44.2507],[12.39,44.2227],[12.4172,44.1955],[12.458,44.1664],[12.4788,44.1394],[12.5109,44.1146],[12.5474,44.0935],[12.5742,44.0856],[12.6314,44.0301],[12.6609,44.0083],[12.6916,43.9906],[12.7103,43.9829],[12.7538,43.9724],[12.7561,43.9719],[12.804,43.9669],[12.823,43.9586],[12.8622,43.9354],[12.9289,43.9158],[12.9387,43.9046],[12.9473,43.8976],[13.2533,43.7032],[13.3701,43.6505],[13.3898,43.6446],[13.3997,43.6356],[13.4466,43.6237],[13.4734,43.612],[13.4832,43.6163],[13.4907,43.6236],[13.4963,43.6275],[13.499,43.6285],[13.5012,43.6306],[13.5044,43.6328],[13.5103,43.6337],[13.5161,43.6317],[13.5191,43.6272],[13.521,43.6227],[13.5242,43.6207],[13.5432,43.6132],[13.5578,43.5967],[13.5692,43.5803],[13.5789,43.5729],[13.5979,43.5695],[13.6156,43.5605],[13.6245,43.5472],[13.617,43.5313],[13.7603,43.2637],[13.7761,43.2436],[13.7803,43.2365],[13.7866,43.2006],[13.7908,43.1921],[13.8027,43.1782],[13.8348,43.1273],[13.8486,43.0917],[13.8654,43.0073],[13.9055,42.9016],[13.9447,42.7983],[13.9805,42.7304],[14.0012,42.6984],[14.0632,42.6248],[14.0689,42.6096],[14.0754,42.5988],[14.2206,42.4702],[14.2842,42.4283],[14.3562,42.393],[14.3874,42.373],[14.429,42.3217],[14.5602,42.2257],[14.5959,42.2086],[14.6535,42.1911],[14.6937,42.1854],[14.7092,42.1755],[14.7171,42.1601],[14.7228,42.1188],[14.7295,42.0991],[14.7407,42.0846],[14.7575,42.0788],[14.7634,42.0779],[14.7801,42.0753],[14.7998,42.0664],[14.8355,42.0441],[14.8711,42.0318],[14.952,42.0211],[14.9937,42.0106],[15.0073,42.0014],[15.0345,41.9746],[15.0452,41.969],[15.0632,41.9643],[15.1043,41.9419],[15.1234,41.9343],[15.1436,41.9312],[15.1654,41.9278],[15.2817,41.928],[15.4006,41.9078],[15.4461,41.9069],[15.6113,41.928],[15.7744,41.9212],[16.0271,41.9441],[16.1108,41.928],[16.112,41.9263],[16.1405,41.9199],[16.1609,41.8926],[16.1792,41.8933],[16.176,41.8774],[16.1836,41.8585],[16.1922,41.8214],[16.193,41.8084],[16.1929,41.7909],[16.1843,41.7796],[16.1667,41.7634],[16.1458,41.7488],[16.1276,41.7425],[16.1072,41.7376],[16.0897,41.726],[16.0632,41.7015],[16.0275,41.6799],[15.9253,41.64],[15.9001,41.6147],[15.8914,41.5769],[15.8963,41.5364],[15.9118,41.5029],[15.9336,41.4794],[15.9611,41.4595],[16.0217,41.4278],[16.0851,41.4127],[16.1004,41.4036],[16.1141,41.3929],[16.3014,41.3279],[16.4603,41.2626],[16.5207,41.2501],[16.5386,41.2394],[16.5544,41.2275],[16.5939,41.207],[16.8306,41.1463],[16.8514,41.133],[16.8582,41.133],[16.8582,41.1404],[16.8644,41.1404],[16.8853,41.124],[17.0571,41.0819],[17.2031,41.021],[17.2764,40.9802],[17.3101,40.9548],[17.3479,40.9121],[17.3612,40.9064],[17.3777,40.9023],[17.4136,40.8811],[17.4761,40.8301],[17.492,40.8244],[17.5122,40.8203],[17.5483,40.8019],[17.6345,40.785],[17.6453,40.7798],[17.7484,40.7476],[17.8439,40.6942],[17.9219,40.683],[17.9558,40.6705],[17.9549,40.6469],[17.9663,40.6468],[17.992,40.6531],[18.007,40.6507],[18.0111,40.6442],[18.0115,40.6352],[18.0158,40.6252],[18.0392,40.6082],[18.0432,40.602],[18.0374,40.557],[18.12,40.5046],[18.2117,40.4647],[18.2315,40.4614],[18.2383,40.4577],[18.2588,40.4306],[18.2702,40.4212],[18.3032,40.3999],[18.3291,40.3667],[18.3438,40.3516],[18.3615,40.3453],[18.3705,40.3387],[18.4373,40.2679],[18.5,40.1525],[18.5042,40.1464],[18.5095,40.1418],[18.5161,40.1392],[18.5111,40.1276],[18.5137,40.1206],[18.5174,40.1142],[18.5161,40.1045],[18.5081,40.0945],[18.4919,40.0847],[18.4836,40.0552],[18.4704,40.0434],[18.4341,40.0225],[18.4114,39.9788],[18.4079,39.9685],[18.4041,39.9475],[18.3948,39.9256],[18.3926,39.9161],[18.3997,39.8903],[18.4001,39.8786],[18.3865,39.8253],[18.3892,39.8171],[18.384,39.8139],[18.3737,39.7998],[18.3683,39.7966],[18.3465,39.798],[18.3384,39.8001],[18.3304,39.8034],[18.2821,39.8332],[18.2656,39.8376],[18.2244,39.8376],[18.2113,39.8393],[18.1865,39.8519],[18.1619,39.8605],[18.1306,39.8835],[18.0942,39.9027],[18.0809,39.9064],[18.0715,39.9115],[18.0073,39.9861],[17.9954,39.9953],[17.9954,40.0027],[18.0111,40.0034],[18.0203,40.0102],[18.0221,40.0217],[18.0158,40.0362],[18.0051,40.0449],[17.9784,40.0517],[17.9675,40.0573],[18.0029,40.0744],[18.011,40.096],[17.9972,40.1204],[17.9675,40.1461],[17.9407,40.163],[17.926,40.1763],[17.9196,40.1907],[17.9192,40.2099],[17.917,40.2269],[17.9111,40.2403],[17.8997,40.2491],[17.9128,40.2491],[17.9128,40.2553],[17.8631,40.2856],[17.8477,40.29],[17.5121,40.3037],[17.4939,40.3074],[17.4404,40.331],[17.4304,40.3316],[17.4095,40.33],[17.3994,40.331],[17.3921,40.335],[17.3747,40.3486],[17.3682,40.3515],[17.3512,40.3548],[17.2964,40.3795],[17.24,40.3953],[17.2129,40.4062],[17.2002,40.4204],[17.2235,40.4284],[17.243,40.4414],[17.2479,40.4573],[17.2276,40.4744],[17.2474,40.4803],[17.2957,40.4732],[17.3163,40.4819],[17.3233,40.4985],[17.304,40.4995],[17.2617,40.4887],[17.2635,40.491],[17.2686,40.4962],[17.2474,40.5028],[17.229,40.4969],[17.2107,40.487],[17.19,40.4819],[17.1818,40.4853],[17.1764,40.4931],[17.1717,40.5023],[17.1662,40.5092],[17.156,40.5124],[17.1335,40.5126],[17.1245,40.5153],[17.0496,40.5191],[16.9761,40.4926],[16.9121,40.4452],[16.8633,40.3909],[16.7827,40.3016],[16.7614,40.2696],[16.7376,40.211],[16.7307,40.2007],[16.716,40.1936],[16.6795,40.1461],[16.6401,40.1188],[16.6245,40.108],[16.6047,40.0845],[16.5969,40.0468],[16.5994,40.0341],[16.6136,39.9966],[16.6316,39.9662],[16.6218,39.9536],[16.6055,39.9429],[16.5892,39.9198],[16.5422,39.8854],[16.5081,39.8376],[16.4917,39.8055],[16.4898,39.7752],[16.5021,39.7471],[16.5286,39.7215],[16.5286,39.7147],[16.5156,39.6896],[16.5459,39.6609],[16.5915,39.6368],[16.6248,39.6253],[16.7498,39.62],[16.7825,39.6116],[16.7981,39.6035],[16.8161,39.5911],[16.8309,39.5762],[16.8372,39.5605],[16.8462,39.5527],[16.906,39.5297],[16.953,39.4992],[16.9709,39.4949],[16.9954,39.4927],[17.0115,39.4862],[17.0234,39.4754],[17.0358,39.4608],[17.0571,39.4416],[17.0886,39.4226],[17.1242,39.409],[17.1587,39.4062],[17.1222,39.3383],[17.1149,39.2828],[17.1145,39.2694],[17.1177,39.256],[17.1248,39.2446],[17.1421,39.2223],[17.1457,39.2107],[17.1404,39.1789],[17.1222,39.121],[17.1245,39.0909],[17.148,39.0542],[17.1519,39.0459],[17.1585,39.0405],[17.1926,39.0311],[17.2064,39.0295],[17.1869,39.019],[17.1766,39.0121],[17.1724,39.0052],[17.1716,38.966],[17.1724,38.9605],[17.1388,38.9367],[17.135,38.9326],[17.1277,38.9288],[17.1189,38.9197],[17.104,38.8991],[17.095,38.9191],[17.0706,38.9228],[17.0422,38.9162],[17.022,38.906],[16.9963,38.9295],[16.9813,38.9372],[16.9573,38.9401],[16.9351,38.9387],[16.8386,38.9182],[16.7278,38.8789],[16.6878,38.8559],[16.6795,38.8476],[16.6707,38.8406],[16.6106,38.8166],[16.5856,38.7978],[16.5744,38.7851],[16.5637,38.7567],[16.551,38.7414],[16.5388,38.7233],[16.5348,38.6999],[16.5469,38.6932],[16.5491,38.6899],[16.5485,38.6721],[16.5588,38.596],[16.577,38.5286],[16.5772,38.5029],[16.5696,38.4295],[16.5614,38.4163],[16.522,38.3872],[16.5081,38.3715],[16.4976,38.3693],[16.4671,38.3487],[16.4351,38.34],[16.3399,38.3008],[16.3063,38.2771],[16.1694,38.1432],[16.1519,38.1108],[16.1255,38.0048],[16.1108,37.9736],[16.1013,37.9605],[16.09,37.9492],[16.0772,37.9399],[16.0632,37.9327],[16.0159,37.9247],[16.001,37.919],[15.9421,37.9331],[15.7615,37.9252],[15.7349,37.931],[15.7083,37.941],[15.6844,37.9535],[15.6658,37.9669],[15.6455,37.9883],[15.6351,38.0091],[15.6384,38.0277],[15.6585,38.0425],[15.6327,38.0742],[15.624,38.0921],[15.6275,38.1074],[15.6416,38.1259],[15.6478,38.1431],[15.6465,38.1621],[15.638,38.1859],[15.6328,38.2203],[15.6506,38.241],[15.6843,38.2531],[15.7865,38.278],[15.7957,38.2855],[15.7987,38.2907],[15.8128,38.3006],[15.8162,38.3061],[15.8298,38.351],[15.9048,38.4739],[15.9178,38.5168],[15.916,38.5504],[15.9001,38.5783],[15.8708,38.6042],[15.8635,38.6082],[15.8499,38.6133],[15.844,38.6179],[15.8355,38.6282],[15.8337,38.6338],[15.8352,38.6392],[15.8366,38.649],[15.8445,38.6604],[15.8631,38.6683],[15.9048,38.6794],[15.968,38.7126],[16.0026,38.7254],[16.0488,38.7277],[16.1209,38.7209],[16.136,38.7238],[16.1526,38.7309],[16.1792,38.7483],[16.2009,38.7764],[16.2151,38.8142],[16.2217,38.8566],[16.2201,38.8991],[16.2147,38.919],[16.2046,38.9341],[16.1896,38.9435],[16.169,38.9468],[16.1543,38.955],[16.1397,38.9738],[16.083,39.0753],[16.042,39.3106],[16.034,39.3452],[15.9954,39.4388],[15.9581,39.4776],[15.9331,39.5137],[15.9048,39.536],[15.8762,39.5515],[15.8675,39.5639],[15.8597,39.5888],[15.8503,39.6147],[15.8366,39.6527],[15.8157,39.6789],[15.8064,39.6955],[15.7887,39.7966],[15.7887,39.7904],[15.7839,39.81],[15.7788,39.8201],[15.7713,39.8245],[15.7697,39.8301],[15.7819,39.8686],[15.7744,39.8911],[15.7415,39.9296],[15.7341,39.9438],[15.728,39.9642],[15.7131,39.981],[15.6789,40.0089],[15.6516,40.0436],[15.6304,40.0577],[15.6247,40.0649],[15.6243,40.0778],[15.6102,40.0732],[15.5349,40.0778],[15.5131,40.0677],[15.4953,40.0467],[15.4598,40.0294],[15.4296,39.9998],[15.4101,39.994],[15.3609,39.9989],[15.3432,40.0041],[15.3143,40.0338],[15.3027,40.0362],[15.2933,40.0324],[15.2831,40.0299],[15.2722,40.0288],[15.2612,40.0294],[15.2612,40.0362],[15.2791,40.0477],[15.2634,40.0737],[15.2339,40.1],[15.2096,40.1119],[15.19,40.1191],[15.1272,40.1696],[15.1128,40.1748],[15.0959,40.1731],[15.0657,40.1666],[15.0472,40.1689],[15.0349,40.1754],[15.0228,40.1956],[15.0031,40.2103],[14.9759,40.2193],[14.9663,40.2246],[14.9571,40.2315],[14.9381,40.2278],[14.9221,40.238],[14.9111,40.2416],[14.9069,40.2586],[14.9319,40.2855],[14.9391,40.3071],[14.9324,40.3243],[14.9324,40.3337],[14.9421,40.3378],[14.9539,40.3399],[14.9644,40.3452],[14.9729,40.352],[14.9945,40.3584],[15.0004,40.3688],[14.9983,40.3976],[14.9759,40.4315],[14.8888,40.5731],[14.8615,40.6072],[14.8355,40.6326],[14.8097,40.653],[14.782,40.6699],[14.7522,40.6767],[14.72,40.6668],[14.6904,40.6491],[14.6781,40.6466],[14.6257,40.6491],[14.6133,40.6459],[14.5713,40.6177],[14.5442,40.6136],[14.5164,40.6199],[14.4866,40.6326],[14.4714,40.6247],[14.422,40.6155],[14.4015,40.6021],[14.3558,40.5836],[14.3426,40.5706],[14.3298,40.5845],[14.328,40.6054],[14.3377,40.6244],[14.3596,40.6326],[14.3797,40.6339],[14.3874,40.6369],[14.3982,40.6438],[14.4048,40.656],[14.4442,40.686],[14.4764,40.6951],[14.4797,40.7115],[14.4741,40.7297],[14.4606,40.7442],[14.4426,40.7551],[14.4213,40.7509],[14.4054,40.7569],[14.3944,40.7616],[14.3826,40.7723],[14.3666,40.7802],[14.3489,40.7969],[14.3123,40.8281],[14.2942,40.8388],[14.2757,40.84],[14.2484,40.8377],[14.2236,40.8314],[14.2127,40.8207],[14.2035,40.8012],[14.1822,40.8009],[14.1656,40.8158],[14.1352,40.8186],[14.1115,40.8295],[14.096,40.8338],[14.0825,40.8313],[14.0762,40.8222],[14.0774,40.8104],[14.0812,40.7971],[14.0825,40.7835],[14.0753,40.7863],[14.0477,40.7896],[14.0412,40.7965],[14.0523,40.8376],[14.0445,40.8742],[14.0213,40.9218],[13.9653,40.9964],[13.9302,41.0141],[13.918,41.0237],[13.9146,41.0331],[13.9128,41.0544],[13.9107,41.0646],[13.8843,41.1048],[13.8517,41.1473],[13.7905,41.2059],[13.7219,41.2524],[13.7085,41.2564],[13.6787,41.2506],[13.6633,41.2507],[13.6566,41.2596],[13.5944,41.2531],[13.5637,41.238],[13.5755,41.2081],[13.544,41.2066],[13.5344,41.2081],[13.5252,41.2154],[13.5195,41.2252],[13.5144,41.2297],[13.5071,41.2217],[13.4997,41.2217],[13.4802,41.2392],[13.3244,41.2948],[13.2858,41.2957],[13.2048,41.2838],[13.187,41.278],[13.1512,41.2602],[13.1145,41.2509],[13.0905,41.2265],[13.0682,41.2217],[13.0446,41.2275],[13.0368,41.2404],[13.0335,41.2569],[13.0237,41.2736],[13.012,41.2865],[12.9927,41.3156],[12.9795,41.331],[12.9238,41.3798],[12.8936,41.3993],[12.8622,41.4135],[12.8416,41.4184],[12.763,41.4214],[12.7485,41.4237],[12.6786,41.458],[12.654,41.4656],[12.6424,41.4582],[12.6353,41.4475],[12.6194,41.4591],[12.5456,41.5441],[12.448,41.6308],[12.3428,41.7023],[12.3272,41.7114],[12.3006,41.7174],[12.285,41.7272],[12.2766,41.7294],[12.2469,41.7337],[12.239,41.7363],[12.2235,41.7507],[12.2152,41.7681],[12.2118,41.7875],[12.2112,41.8079],[12.2062,41.8273],[12.1946,41.8474],[12.1702,41.8796],[12.1475,41.9035],[12.05,41.9601],[12.0388,41.9652],[12.0298,41.9728],[12.0261,41.9858],[12.0204,41.9931],[11.992,41.9963],[11.9822,41.9997],[11.969,42.0114],[11.9526,42.0223],[11.9346,42.0315],[11.9168,42.0379],[11.8397,42.0364],[11.8275,42.0342],[11.8221,42.0468],[11.8094,42.0664],[11.7936,42.0845],[11.7798,42.0925],[11.772,42.1063],[11.7502,42.1279],[11.7456,42.1366],[11.7429,42.1523],[11.7362,42.1689],[11.6821,42.2521],[11.6582,42.2794],[11.5391,42.3489],[11.4893,42.3594],[11.4207,42.3866],[11.3962,42.393],[11.3962,42.4004],[11.3869,42.4043],[11.3766,42.4069],[11.3657,42.4079],[11.3547,42.4072],[11.3621,42.4004],[11.333,42.4006],[11.259,42.4208],[11.2456,42.4223],[11.2274,42.4222],[11.2113,42.4189],[11.2044,42.411],[11.2009,42.3955],[11.1863,42.3793],[11.1838,42.3663],[11.1747,42.3693],[11.1647,42.3693],[11.1574,42.3677],[11.1559,42.3663],[11.1478,42.3714],[11.1345,42.3842],[11.1066,42.3913],[11.0945,42.4027],[11.0868,42.4184],[11.0869,42.4295],[11.0991,42.4429],[11.113,42.4464],[11.1418,42.4388],[11.1642,42.4398],[11.1797,42.4565],[11.1884,42.4803],[11.189,42.5047],[11.1869,42.5208],[11.166,42.5462],[11.1585,42.564],[11.1486,42.5632],[11.1372,42.5589],[11.1287,42.5581],[11.116,42.572],[11.1073,42.5908],[11.0974,42.6069],[11.0809,42.6127],[11.0778,42.6322],[11.0535,42.647],[11.0057,42.6679],[11.0003,42.6799],[10.9956,42.696],[10.99,42.7103],[10.9812,42.7163],[10.9723,42.72],[10.9436,42.743],[10.8909,42.7639],[10.7313,42.8044],[10.7554,42.8192],[10.7649,42.8353],[10.7664,42.8542],[10.7656,42.8771],[10.7687,42.8839],[10.7746,42.8883],[10.7777,42.8947],[10.773,42.9081],[10.7635,42.9183],[10.7507,42.9253],[10.6814,42.949],[10.6325,42.9585],[10.5833,42.9597],[10.5391,42.9491],[10.5435,42.9388],[10.5466,42.9348],[10.5186,42.9253],[10.4995,42.9405],[10.4776,42.9901],[10.5027,43.0056],[10.5171,43.0239],[10.5391,43.0794],[10.5357,43.0914],[10.5357,43.1126],[10.5393,43.1342],[10.5466,43.1471],[10.5383,43.1643],[10.5344,43.1853],[10.5329,43.2262],[10.5282,43.2468],[10.5169,43.2668],[10.437,43.3886],[10.3734,43.4532],[10.3591,43.4653],[10.3263,43.4769],[10.3172,43.4926],[10.2948,43.5685],[10.264,43.8094],[10.2516,43.8466],[10.2101,43.9202],[10.1807,43.9553],[10.1365,43.9787],[10.1058,44.0168],[10.0906,44.0254],[10.072,44.0295],[10.0353,44.0478],[10.0148,44.0521],[9.9985,44.0581],[9.9885,44.0598],[9.9841,44.0555],[9.9807,44.0499],[9.9727,44.0457],[9.9627,44.0447],[9.9536,44.0487],[9.9378,44.0604],[9.9043,44.0799],[9.888,44.093],[9.8768,44.0878],[9.8447,44.1086],[9.8264,44.1072],[9.8333,44.0998],[9.8286,44.0981],[9.824,44.0951],[9.8196,44.093],[9.8245,44.0849],[9.8306,44.0788],[9.8381,44.0748],[9.8475,44.0725],[9.8475,44.0663],[9.8416,44.0634],[9.8389,44.0604],[9.8333,44.0521],[9.8464,44.0463],[9.8425,44.0412],[9.8323,44.0423],[9.8264,44.0555],[9.8198,44.0634],[9.7718,44.0794],[9.7209,44.1135],[9.7097,44.1177],[9.6826,44.1365],[9.6725,44.1408],[9.6432,44.1423],[9.631,44.1446],[9.6211,44.1483],[9.5862,44.1777],[9.5799,44.1789],[9.573,44.1916],[9.5565,44.2001],[9.5112,44.2152],[9.499,44.2218],[9.4898,44.2309],[9.4844,44.2438],[9.4725,44.2398],[9.4539,44.2377],[9.4368,44.2395],[9.4292,44.2473],[9.4224,44.2568],[9.3745,44.2718],[9.3677,44.2944],[9.2627,44.3364],[9.2306,44.3537],[9.221,44.3441],[9.2137,44.3334],[9.2098,44.3209],[9.2107,44.3053],[9.1651,44.3183],[9.1467,44.3286],[9.1486,44.34],[9.1301,44.3633],[9.1021,44.374],[9.0012,44.3873],[8.9529,44.3998],[8.9237,44.4116],[8.9146,44.4089],[8.8684,44.4097],[8.8454,44.4135],[8.8377,44.4172],[8.827,44.4285],[8.7624,44.4321],[8.7372,44.4288],[8.7248,44.424],[8.6958,44.4067],[8.6853,44.3981],[8.6786,44.3947],[8.6709,44.3947],[8.6628,44.3956],[8.6551,44.3947],[8.5938,44.3627],[8.5767,44.3605],[8.5648,44.3572],[8.5403,44.34],[8.4661,44.3043],[8.4445,44.2839],[8.4497,44.2644],[8.4395,44.2532],[8.4365,44.2475],[8.4354,44.2404],[8.4324,44.238],[8.4172,44.2307],[8.4119,44.227],[8.4065,44.215],[8.4085,44.2041],[8.4082,44.1935],[8.3945,44.1824],[8.3694,44.1735],[8.3135,44.1605],[8.2847,44.1483],[8.2695,44.1387],[8.2565,44.1284],[8.2332,44.1036],[8.23,44.0963],[8.2312,44.0803],[8.23,44.0725],[8.2238,44.0572],[8.2163,44.0452],[8.1691,44.0067],[8.1527,43.9832],[8.168,43.9626],[8.168,43.9565],[8.1447,43.9526],[8.1152,43.9277],[8.0892,43.9199],[8.0816,43.9152],[8.0755,43.9097],[8.073,43.9046],[8.0677,43.8967],[8.0557,43.8921],[8.0314,43.8875],[7.9597,43.8529],[7.7858,43.822],[7.7366,43.7982],[7.695,43.7912],[7.572,43.7913],[7.5441,43.7845],[7.5311,43.7845],[7.5232,43.789],[7.5129,43.7921],[7.5023,43.7922],[7.4827,43.8402],[7.4779,43.8655],[7.4935,43.8862],[7.5368,43.9208],[7.5569,43.9441],[7.6086,43.9756],[7.6309,43.9935],[7.6387,44.0051],[7.647,44.0275],[7.6534,44.0397],[7.6643,44.0486],[7.6788,44.0566],[7.6899,44.0673],[7.6919,44.0846],[7.6879,44.0908],[7.6762,44.109],[7.6541,44.125],[7.6419,44.1436],[7.6556,44.1761],[7.6247,44.1801],[7.5836,44.1607],[7.5548,44.1591],[7.3808,44.1229],[7.3406,44.1237],[7.331,44.1253],[7.3216,44.1319],[7.3162,44.1402],[7.3093,44.1475],[7.2962,44.1512],[7.2701,44.1543],[7.2513,44.16],[7.145,44.2072],[7.1049,44.2178],[7.0461,44.2403],[7.0335,44.2429],[7.02,44.2421],[7.008,44.2392],[6.9961,44.2378],[6.9828,44.2417],[6.9734,44.2494],[6.9689,44.2582],[6.9655,44.2675],[6.9592,44.2773],[6.95,44.2851],[6.9302,44.2954],[6.9212,44.3022],[6.9156,44.3097],[6.9038,44.33],[6.896,44.3398],[6.874,44.3584],[6.8698,44.3629],[6.8661,44.3721],[6.8663,44.3772],[6.8688,44.3832],[6.8772,44.4144],[6.8842,44.423],[6.9178,44.4363],[6.8917,44.452],[6.8613,44.4749],[6.8388,44.5029],[6.8357,44.534],[6.8464,44.5475],[6.8973,44.5754],[6.9316,44.618],[6.9456,44.6254],[6.9343,44.6467],[6.9415,44.667],[6.9599,44.6832],[6.9828,44.6922],[7.0012,44.6923],[7.0373,44.6846],[7.0552,44.6849],[7.0494,44.6979],[7.019,44.7389],[7.0152,44.7474],[7.0098,44.7721],[6.9984,44.7938],[6.9991,44.795],[7.0041,44.8108],[7.006,44.8115],[7.0059,44.8163],[7.0068,44.819],[7.0071,44.8221],[7.0049,44.828],[7.0008,44.833],[6.9828,44.847],[6.9327,44.8617],[6.9153,44.8627],[6.866,44.8557],[6.8471,44.8591],[6.7782,44.8876],[6.7454,44.9078],[6.7279,44.9287],[6.7299,44.9847],[6.7235,45.0134],[6.6972,45.0269],[6.6622,45.0292],[6.6517,45.0356],[6.6397,45.0504],[6.637,45.0594],[6.6381,45.0674],[6.6366,45.0745],[6.6203,45.0844],[6.6027,45.1035],[6.6146,45.1148],[6.6294,45.1235],[6.6327,45.1255],[6.6674,45.1396],[6.6763,45.1408],[6.6944,45.1403],[6.7022,45.1412],[6.7109,45.1447],[6.7289,45.1546],[6.7364,45.1573],[6.7715,45.1532],[6.8081,45.1391],[6.8441,45.1301],[6.8767,45.1412],[6.8786,45.1474],[6.8728,45.152],[6.8682,45.1575],[6.8735,45.1659],[6.8813,45.1684],[6.9047,45.1686],[6.9138,45.1702],[6.9284,45.1796],[6.9458,45.2011],[6.9587,45.2098],[6.9945,45.2213],[7.0297,45.2282],[7.0377,45.2258],[7.0502,45.215],[7.0555,45.2137],[7.0622,45.2185],[7.0812,45.2431],[7.1084,45.2592],[7.1084,45.2749],[7.0976,45.295],[7.0926,45.324],[7.0977,45.3298],[7.1301,45.3571],[7.1508,45.3832],[7.1596,45.3985],[7.1607,45.4109],[7.1529,45.4151],[7.1101,45.4283],[7.0968,45.4354],[7.0887,45.4466],[7.0818,45.4591],[7.0754,45.4663],[7.072,45.47],[7.0285,45.4931],[6.9828,45.5111],[6.9753,45.5256],[6.9698,45.567],[6.9659,45.5744],[6.9549,45.5862],[6.9529,45.5943],[6.9556,45.6026],[6.9671,45.6202],[6.9695,45.6258],[6.9634,45.6407],[6.9511,45.6468],[6.9186,45.6526],[6.9053,45.6597],[6.8826,45.6755],[6.8692,45.679],[6.8431,45.6827],[6.8161,45.6968],[6.7959,45.7181],[6.7847,45.7596],[6.782,45.7775],[6.7827,45.7953],[6.7881,45.8117],[6.8008,45.8265],[6.8162,45.8329],[6.8434,45.8386],[6.852,45.8362],[6.8586,45.8335],[6.8644,45.8269],[6.8707,45.8283],[6.8717,45.8328],[6.8727,45.8397],[6.8735,45.8448],[6.8804,45.8455],[6.9051,45.8454],[6.9264,45.8498],[6.949,45.8578],[6.9692,45.8698],[6.9828,45.8858],[6.9891,45.8993],[6.9972,45.9113],[7.0077,45.9205],[7.0221,45.9253]]],[[[8.2747,41.0573],[8.2512,41.0438],[8.251,41.0161],[8.2464,40.9936],[8.2096,40.9958],[8.2176,41.005],[8.2217,41.0144],[8.2232,41.024],[8.2232,41.0336],[8.2289,41.0417],[8.2414,41.0521],[8.2608,41.0646],[8.2756,41.0698],[8.2778,41.0817],[8.2756,41.0954],[8.2778,41.1057],[8.2844,41.1069],[8.3021,41.105],[8.3058,41.1091],[8.308,41.1138],[8.3133,41.1186],[8.3262,41.1261],[8.3259,41.1184],[8.328,41.1125],[8.3324,41.1057],[8.342,41.0978],[8.3447,41.0862],[8.3413,41.0741],[8.3324,41.0646],[8.2747,41.0573]]],[[[9.7922,40.557],[9.8206,40.5364],[9.8264,40.5296],[9.8267,40.5196],[9.8152,40.5025],[9.8122,40.4924],[9.8088,40.4708],[9.8003,40.4555],[9.7781,40.4272],[9.7617,40.3907],[9.7494,40.3773],[9.7274,40.372],[9.7124,40.3664],[9.7009,40.353],[9.6831,40.3242],[9.6702,40.3127],[9.6455,40.2961],[9.6346,40.2826],[9.6262,40.2631],[9.6248,40.2477],[9.6291,40.2056],[9.6311,40.1962],[9.6546,40.1446],[9.6651,40.1316],[9.6797,40.1262],[9.6878,40.1207],[9.7102,40.0963],[9.7323,40.0839],[9.7303,40.0685],[9.6934,39.9929],[9.6873,39.9612],[9.6966,39.9338],[9.7025,39.9372],[9.7097,39.9403],[9.7157,39.9401],[9.7178,39.9338],[9.7145,39.9245],[9.7082,39.9222],[9.7014,39.9221],[9.6966,39.9195],[9.6895,39.9066],[9.6843,39.8942],[9.6838,39.8825],[9.6898,39.8717],[9.6831,39.8717],[9.6831,39.8655],[9.6878,39.8635],[9.6919,39.8601],[9.6966,39.8581],[9.6966,39.8519],[9.6843,39.8399],[9.6755,39.8189],[9.6703,39.7938],[9.6688,39.7693],[9.6699,39.7566],[9.6751,39.7321],[9.6763,39.7181],[9.6741,39.708],[9.6648,39.6914],[9.6626,39.6768],[9.6604,39.6707],[9.6558,39.6629],[9.6511,39.6525],[9.6489,39.639],[9.6558,39.5945],[9.653,39.5668],[9.6284,39.5018],[9.6449,39.484],[9.639,39.4525],[9.6141,39.3994],[9.6021,39.3557],[9.6004,39.341],[9.6035,39.3262],[9.6116,39.3166],[9.6346,39.3032],[9.6346,39.2969],[9.6073,39.289],[9.5819,39.2663],[9.5676,39.2381],[9.5733,39.2138],[9.5656,39.2051],[9.5689,39.1993],[9.576,39.1939],[9.5799,39.1871],[9.5779,39.1794],[9.5685,39.1594],[9.5664,39.1492],[9.5578,39.1397],[9.5396,39.134],[9.5227,39.1249],[9.5186,39.1046],[9.5108,39.108],[9.5071,39.1114],[9.5076,39.1164],[9.5119,39.1244],[9.4963,39.1336],[9.4807,39.1356],[9.4653,39.1319],[9.4504,39.1244],[9.4429,39.1244],[9.438,39.1334],[9.429,39.1386],[9.4087,39.1461],[9.3835,39.1693],[9.3777,39.1728],[9.3679,39.1772],[9.3451,39.1964],[9.3367,39.2008],[9.3262,39.2028],[9.3123,39.2079],[9.2996,39.2145],[9.2922,39.2213],[9.2853,39.2138],[9.2713,39.2205],[9.2525,39.2252],[9.2163,39.228],[9.1974,39.2211],[9.1809,39.2072],[9.1697,39.1933],[9.166,39.1871],[9.1369,39.1943],[9.1135,39.2115],[9.073,39.2485],[9.0637,39.2431],[9.0555,39.2475],[9.0475,39.256],[9.0387,39.2622],[9.0244,39.2648],[9.0139,39.2639],[9.0125,39.2606],[9.0257,39.256],[9.0257,39.2485],[9.021,39.2404],[9.0269,39.2357],[9.0352,39.2322],[9.0379,39.2271],[9.0387,39.228],[9.0501,39.2257],[9.075,39.2299],[9.0798,39.2246],[9.0798,39.2165],[9.0789,39.2123],[9.0386,39.179],[9.0262,39.1652],[9.0183,39.1461],[9.016,39.1238],[9.0187,39.1039],[9.0246,39.0861],[9.032,39.0698],[9.0378,39.0637],[9.0438,39.0584],[9.0449,39.0513],[9.0293,39.0303],[9.0183,38.9953],[9.0257,38.9953],[9.0151,38.9897],[9.0121,38.9907],[9.0046,38.9953],[8.9963,38.9828],[8.8947,38.9023],[8.888,38.8998],[8.8775,38.8991],[8.8724,38.8961],[8.8613,38.8821],[8.8533,38.878],[8.8415,38.8806],[8.8279,38.8888],[8.8054,38.906],[8.8054,38.8854],[8.791,38.9044],[8.7666,38.9204],[8.7395,38.9306],[8.7166,38.9326],[8.6946,38.9252],[8.6688,38.9106],[8.6516,38.8915],[8.6551,38.8712],[8.641,38.8643],[8.6348,38.8712],[8.6428,38.89],[8.6331,38.8956],[8.6156,38.8959],[8.5999,38.8991],[8.5999,38.906],[8.615,38.923],[8.6155,38.9476],[8.6033,38.9649],[8.5801,38.9605],[8.5723,39.0136],[8.5596,39.0567],[8.5521,39.0567],[8.5443,39.0513],[8.5208,39.0609],[8.5044,39.0629],[8.509,39.0679],[8.5181,39.0834],[8.5044,39.0909],[8.4828,39.0804],[8.4821,39.0842],[8.4776,39.0905],[8.4733,39.1074],[8.4651,39.1195],[8.4543,39.1249],[8.4422,39.1181],[8.438,39.1285],[8.4387,39.1531],[8.4354,39.166],[8.4284,39.1732],[8.4188,39.1773],[8.4126,39.1757],[8.4157,39.166],[8.4095,39.1693],[8.405,39.1744],[8.4024,39.1813],[8.4014,39.1902],[8.3987,39.2012],[8.3926,39.204],[8.3855,39.2044],[8.3801,39.2076],[8.3728,39.2221],[8.3718,39.2306],[8.3767,39.2379],[8.4264,39.2833],[8.4321,39.3018],[8.4157,39.3237],[8.4172,39.339],[8.3821,39.3597],[8.374,39.3789],[8.3782,39.3879],[8.3957,39.4042],[8.4014,39.4124],[8.405,39.4272],[8.4038,39.4359],[8.3895,39.4623],[8.386,39.4655],[8.3869,39.4698],[8.3945,39.4813],[8.4219,39.5086],[8.4353,39.5252],[8.4517,39.5583],[8.4634,39.5769],[8.4559,39.5844],[8.4639,39.5979],[8.4622,39.6171],[8.4497,39.6588],[8.4468,39.7041],[8.4422,39.7147],[8.4422,39.7215],[8.4465,39.7309],[8.444,39.757],[8.4461,39.7625],[8.4597,39.7605],[8.4686,39.755],[8.4998,39.7162],[8.5169,39.7021],[8.5383,39.696],[8.5658,39.7011],[8.5145,39.7137],[8.5044,39.7215],[8.5068,39.7385],[8.5199,39.7554],[8.5355,39.7708],[8.5453,39.7829],[8.5386,39.7829],[8.5352,39.7761],[8.5305,39.7704],[8.5249,39.7658],[8.5181,39.7625],[8.5298,39.7725],[8.5408,39.7893],[8.5488,39.8072],[8.5521,39.8208],[8.5552,39.8527],[8.5536,39.864],[8.5453,39.8786],[8.5234,39.8989],[8.4942,39.9124],[8.4631,39.9141],[8.4354,39.899],[8.4422,39.8928],[8.4456,39.8981],[8.45,39.8991],[8.4558,39.8985],[8.4634,39.899],[8.4518,39.8929],[8.4447,39.8836],[8.4354,39.8581],[8.4287,39.8655],[8.4375,39.8768],[8.431,39.8852],[8.4183,39.8923],[8.4036,39.9029],[8.4007,39.9035],[8.3983,39.9053],[8.3945,39.9127],[8.3936,39.9205],[8.3963,39.9269],[8.3999,39.9332],[8.4014,39.94],[8.3936,39.9769],[8.3945,39.9884],[8.4065,40.0098],[8.4071,40.0222],[8.3945,40.0362],[8.3801,40.0301],[8.3772,40.0338],[8.3845,40.0419],[8.4014,40.0499],[8.4045,40.0495],[8.4348,40.051],[8.4524,40.0561],[8.4597,40.0573],[8.4686,40.0622],[8.479,40.0742],[8.4873,40.0895],[8.49,40.1045],[8.4851,40.1181],[8.4673,40.1447],[8.4634,40.1632],[8.4596,40.216],[8.4764,40.2622],[8.4761,40.2921],[8.4629,40.3145],[8.4413,40.3314],[8.4157,40.3453],[8.4082,40.3378],[8.386,40.3518],[8.3836,40.3718],[8.3945,40.4238],[8.3905,40.4423],[8.3799,40.4687],[8.3656,40.4921],[8.3499,40.5023],[8.3317,40.5107],[8.3239,40.5308],[8.3196,40.5556],[8.312,40.5781],[8.2915,40.5954],[8.2673,40.5941],[8.2163,40.5706],[8.196,40.5781],[8.2053,40.5978],[8.2163,40.6122],[8.1934,40.6175],[8.1766,40.6066],[8.1662,40.5864],[8.1618,40.5638],[8.1531,40.5778],[8.1473,40.5932],[8.1406,40.619],[8.1406,40.6252],[8.1577,40.6323],[8.1738,40.6416],[8.1853,40.6566],[8.1885,40.6805],[8.1911,40.6804],[8.1956,40.6853],[8.1974,40.6912],[8.1921,40.6942],[8.179,40.6948],[8.1738,40.697],[8.168,40.7016],[8.1533,40.7197],[8.1458,40.726],[8.1338,40.7289],[8.2096,40.8654],[8.2153,40.8814],[8.2163,40.8996],[8.2097,40.9145],[8.1921,40.9206],[8.1789,40.9282],[8.1823,40.9453],[8.193,40.9638],[8.2022,40.9753],[8.2096,40.9753],[8.2126,40.9634],[8.22,40.9623],[8.229,40.9626],[8.2362,40.9548],[8.2355,40.9465],[8.2316,40.9345],[8.2293,40.9216],[8.2332,40.9101],[8.2778,40.8654],[8.3102,40.8507],[8.4219,40.8388],[8.4779,40.8262],[8.501,40.8244],[8.5205,40.827],[8.5984,40.853],[8.6183,40.8662],[8.6343,40.8816],[8.641,40.8965],[8.7092,40.9206],[8.7339,40.9213],[8.7512,40.9191],[8.7644,40.9138],[8.8225,40.9473],[8.8396,40.9616],[8.8753,41.0081],[8.888,41.0163],[8.8859,41.0201],[8.8859,41.0212],[8.8853,41.0218],[8.8811,41.0237],[8.9131,41.0327],[8.9227,41.0368],[8.9295,41.0436],[8.9401,41.0612],[8.9463,41.0646],[8.9588,41.07],[8.9758,41.0827],[8.9907,41.0974],[9.0055,41.1219],[9.0247,41.1289],[9.093,41.1352],[9.1078,41.1395],[9.1356,41.1603],[9.1419,41.1528],[9.1576,41.1689],[9.1634,41.1841],[9.1629,41.2254],[9.1711,41.2429],[9.19,41.2511],[9.2124,41.2558],[9.2306,41.2626],[9.2327,41.2536],[9.2383,41.2488],[9.2469,41.2477],[9.2578,41.2497],[9.2681,41.2366],[9.2674,41.202],[9.2783,41.195],[9.2747,41.1995],[9.2736,41.2051],[9.2749,41.2124],[9.2783,41.2217],[9.2853,41.2217],[9.2893,41.2087],[9.2883,41.2058],[9.2853,41.2012],[9.2853,41.195],[9.2996,41.1965],[9.3054,41.1979],[9.3125,41.2012],[9.3166,41.1965],[9.333,41.1876],[9.3352,41.2117],[9.3521,41.2073],[9.3882,41.1807],[9.3882,41.1876],[9.3967,41.1839],[9.4041,41.1817],[9.4123,41.1807],[9.4224,41.1807],[9.4224,41.1745],[9.417,41.1715],[9.4143,41.1682],[9.4121,41.1645],[9.4087,41.1603],[9.4202,41.1564],[9.4266,41.1492],[9.4328,41.1408],[9.4429,41.133],[9.437,41.1254],[9.4368,41.1154],[9.4429,41.092],[9.4541,41.112],[9.4605,41.1205],[9.4701,41.1261],[9.4668,41.1307],[9.4651,41.1344],[9.4624,41.1376],[9.4566,41.1404],[9.4691,41.1462],[9.4815,41.1456],[9.4944,41.1423],[9.5081,41.1404],[9.5139,41.1435],[9.5184,41.1487],[9.5239,41.1497],[9.5322,41.1404],[9.5247,41.133],[9.5344,41.1281],[9.5408,41.1229],[9.5462,41.1209],[9.5527,41.1261],[9.5596,41.1261],[9.5612,41.1218],[9.5618,41.1211],[9.563,41.1212],[9.5664,41.1193],[9.5651,41.1071],[9.5623,41.0971],[9.5564,41.0878],[9.5459,41.0777],[9.5438,41.0825],[9.5408,41.0873],[9.5391,41.092],[9.5213,41.0317],[9.5119,41.0163],[9.5322,41.0163],[9.5247,41.0305],[9.5431,41.0369],[9.5542,41.0346],[9.5576,41.0251],[9.5527,41.0095],[9.5578,41.0094],[9.5586,41.0111],[9.5583,41.0136],[9.5596,41.0163],[9.5657,41.0109],[9.5686,41.0095],[9.5733,41.0095],[9.5881,41.0207],[9.6157,41.0196],[9.6443,41.0117],[9.6626,41.0026],[9.6512,40.9911],[9.636,40.9924],[9.6196,40.9988],[9.6043,41.0026],[9.5876,40.9958],[9.5825,40.9799],[9.5789,40.962],[9.5664,40.9486],[9.5711,40.9349],[9.5575,40.9312],[9.5119,40.9343],[9.5112,40.9294],[9.5125,40.928],[9.5042,40.9269],[9.512,40.9152],[9.52,40.915],[9.529,40.9193],[9.5391,40.9206],[9.5493,40.9172],[9.5672,40.9084],[9.5733,40.9064],[9.5928,40.9099],[9.6077,40.9179],[9.6226,40.9238],[9.6421,40.9206],[9.6372,40.9116],[9.6315,40.9049],[9.6239,40.9007],[9.6141,40.8996],[9.6141,40.8934],[9.6501,40.8795],[9.6558,40.876],[9.6577,40.864],[9.6633,40.8582],[9.6717,40.8587],[9.6831,40.8654],[9.6898,40.8559],[9.6994,40.85],[9.7109,40.8469],[9.724,40.8449],[9.6911,40.8362],[9.681,40.8298],[9.6898,40.817],[9.6898,40.8108],[9.6745,40.8139],[9.6618,40.809],[9.6579,40.7999],[9.6688,40.7904],[9.6698,40.8015],[9.6758,40.7886],[9.7039,40.7594],[9.7103,40.7456],[9.7142,40.7272],[9.7445,40.6805],[9.7483,40.6672],[9.7532,40.6053],[9.7565,40.5952],[9.7616,40.5873],[9.7681,40.5843],[9.7819,40.582],[9.7858,40.5759],[9.7869,40.5671],[9.7922,40.557]]],[[[10.8958,42.3867],[10.9135,42.3752],[10.9273,42.3533],[10.9296,42.3406],[10.9398,42.3307],[10.9233,42.3187],[10.9089,42.3253],[10.8717,42.3541],[10.8618,42.3663],[10.8764,42.3744],[10.8758,42.3868],[10.883,42.3922],[10.8958,42.3867]]],[[[10.4434,42.8454],[10.436,42.8381],[10.4312,42.8279],[10.4307,42.8161],[10.4367,42.8044],[10.43,42.7876],[10.4203,42.7764],[10.4069,42.769],[10.3888,42.7635],[10.408,42.7573],[10.4251,42.7408],[10.4307,42.7221],[10.4155,42.7089],[10.411,42.718],[10.4033,42.7189],[10.3932,42.7182],[10.3814,42.7226],[10.3773,42.728],[10.3672,42.746],[10.3643,42.7498],[10.3512,42.7557],[10.3379,42.7648],[10.325,42.7648],[10.3137,42.743],[10.3045,42.7598],[10.2654,42.7446],[10.2454,42.7573],[10.24,42.7419],[10.2352,42.7359],[10.2297,42.7354],[10.1472,42.7373],[10.1248,42.7431],[10.1068,42.7574],[10.1014,42.784],[10.1117,42.8013],[10.133,42.8119],[10.1582,42.8173],[10.1795,42.8188],[10.19,42.8169],[10.2122,42.8078],[10.2244,42.8044],[10.2422,42.8032],[10.2659,42.8044],[10.2649,42.8094],[10.2643,42.8105],[10.2627,42.8102],[10.259,42.8119],[10.2721,42.8188],[10.2721,42.8262],[10.2721,42.8273],[10.2893,42.8256],[10.3268,42.8262],[10.3221,42.8117],[10.3328,42.806],[10.3473,42.8059],[10.3547,42.8082],[10.3581,42.8175],[10.366,42.8229],[10.3748,42.8271],[10.3814,42.8324],[10.3921,42.858],[10.3999,42.8688],[10.4124,42.8734],[10.422,42.8708],[10.431,42.8644],[10.4385,42.8555],[10.4434,42.8454]]],[[[9.8401,43.0652],[9.8418,43.0634],[9.8439,43.0607],[9.8475,43.0586],[9.8548,43.0443],[9.8421,43.025],[9.823,43.0085],[9.8015,43.0078],[9.7846,43.0284],[9.8069,43.0664],[9.8258,43.0746],[9.8401,43.0652]]],[[[9.4748,41.2361],[9.4784,41.2285],[9.4795,41.2242],[9.4793,41.2169],[9.471,41.1896],[9.4744,41.1843],[9.4749,41.1793],[9.4704,41.1721],[9.4644,41.1727],[9.4564,41.1806],[9.4487,41.1855],[9.4417,41.1831],[9.437,41.1859],[9.4478,41.2051],[9.4435,41.2115],[9.4465,41.2204],[9.4539,41.234],[9.46,41.2424],[9.468,41.2411],[9.4748,41.2361]]],[[[9.4309,41.2248],[9.4343,41.2206],[9.4353,41.217],[9.3953,41.2106],[9.377,41.2133],[9.3731,41.2219],[9.3731,41.2299],[9.3776,41.2338],[9.3849,41.2365],[9.3919,41.2407],[9.3963,41.2477],[9.398,41.256],[9.4022,41.2575],[9.408,41.2581],[9.4142,41.2624],[9.4219,41.2609],[9.4274,41.2541],[9.4305,41.2463],[9.4304,41.2378],[9.429,41.2294],[9.4309,41.2248]]],[[[10.297,42.3449],[10.3064,42.3515],[10.3159,42.3408],[10.3132,42.3239],[10.2944,42.328],[10.297,42.3449]]],[[[10.0916,42.5958],[10.096,42.5907],[10.0979,42.588],[10.0979,42.5839],[10.0954,42.577],[10.0858,42.5725],[10.0718,42.5727],[10.0586,42.576],[10.0503,42.5819],[10.0526,42.589],[10.0628,42.592],[10.0726,42.6004],[10.0794,42.6139],[10.0843,42.6147],[10.0877,42.604],[10.0916,42.5958]]],[[[10.4538,46.8644],[10.4485,46.8322],[10.4449,46.8232],[10.439,46.8169],[10.4172,46.7989],[10.4191,46.784],[10.4262,46.7694],[10.4287,46.7556],[10.4166,46.743],[10.3997,46.7355],[10.3956,46.7264],[10.3966,46.715],[10.3944,46.7008],[10.3848,46.689],[10.3739,46.6819],[10.3692,46.6724],[10.3775,46.6533],[10.3956,46.6388],[10.4382,46.6357],[10.4591,46.6236],[10.4666,46.6043],[10.4659,46.5785],[10.4579,46.5537],[10.4518,46.5467],[10.444,46.5377],[10.4259,46.5353],[10.3543,46.5483],[10.3195,46.546],[10.3066,46.5475],[10.2954,46.5511],[10.2891,46.5557],[10.2838,46.5607],[10.2759,46.5655],[10.2347,46.5753],[10.2303,46.5862],[10.2357,46.6067],[10.2338,46.618],[10.2179,46.627],[10.1921,46.6268],[10.0975,46.608],[10.0878,46.6044],[10.0835,46.597],[10.0712,46.5644],[10.0629,46.5567],[10.0413,46.5419],[10.0328,46.533],[10.0314,46.5258],[10.0312,46.5038],[10.0269,46.4932],[10.0281,46.4839],[10.0305,46.4767],[10.0353,46.4711],[10.044,46.467],[10.0263,46.4463],[10.0421,46.4327],[10.0714,46.4248],[10.1162,46.4188],[10.1334,46.414],[10.1408,46.4029],[10.1332,46.3811],[10.126,46.3744],[10.105,46.3614],[10.0975,46.3516],[10.0924,46.3381],[10.0918,46.329],[10.0958,46.3205],[10.1049,46.3094],[10.1461,46.2803],[10.1589,46.2624],[10.1458,46.2433],[10.1179,46.2311],[10.0757,46.22],[10.0427,46.2205],[10.0418,46.2431],[10.0317,46.2601],[9.9922,46.2844],[9.9776,46.2981],[9.971,46.32],[9.9706,46.3398],[9.964,46.3561],[9.939,46.3675],[9.9184,46.3712],[9.899,46.3722],[9.8554,46.367],[9.7888,46.3433],[9.7681,46.3386],[9.7552,46.3405],[9.7309,46.3507],[9.7201,46.3509],[9.7093,46.3424],[9.7073,46.331],[9.7088,46.3196],[9.7084,46.3117],[9.6931,46.2971],[9.6743,46.2918],[9.5597,46.2927],[9.5365,46.2986],[9.5153,46.3086],[9.5026,46.3207],[9.4826,46.3568],[9.4737,46.3619],[9.4516,46.3704],[9.4444,46.3753],[9.4424,46.3809],[9.4438,46.3961],[9.4379,46.492],[9.4346,46.4983],[9.4268,46.4971],[9.4107,46.4889],[9.4038,46.4825],[9.4003,46.4754],[9.3955,46.4694],[9.3846,46.4664],[9.3771,46.4687],[9.3516,46.4855],[9.3508,46.4979],[9.331,46.5015],[9.2823,46.4974],[9.2632,46.4851],[9.2458,46.461],[9.238,46.4365],[9.2476,46.423],[9.2609,46.4167],[9.2629,46.4066],[9.2603,46.394],[9.2604,46.3797],[9.2738,46.3443],[9.2752,46.3314],[9.269,46.3094],[9.2397,46.267],[9.2248,46.2312],[9.2157,46.2211],[9.2042,46.2136],[9.1922,46.2096],[9.1813,46.2041],[9.1758,46.1941],[9.1711,46.1826],[9.1638,46.173],[9.1632,46.1723],[9.0906,46.1382],[9.0721,46.1189],[9.0682,46.106],[9.0703,46.0834],[9.0671,46.0711],[9.0592,46.0618],[9.0497,46.0579],[9.0277,46.0531],[9.0021,46.0393],[8.9978,46.0279],[9.0156,45.9931],[8.9827,45.972],[8.9805,45.9695],[8.9798,45.9669],[8.9805,45.9644],[8.9827,45.9618],[8.9934,45.9543],[9.0017,45.9361],[9.0108,45.9267],[9.0205,45.9228],[9.0423,45.9197],[9.0517,45.9155],[9.0631,45.899],[9.0593,45.882],[9.0344,45.8481],[9.0024,45.8207],[8.9724,45.8246],[8.9396,45.8348],[8.9,45.8264],[8.9037,45.8418],[8.9097,45.8537],[8.9138,45.8661],[8.9121,45.8834],[8.9065,45.8965],[8.8981,45.9096],[8.8808,45.9311],[8.871,45.9471],[8.8645,45.9534],[8.8577,45.9571],[8.8004,45.9785],[8.7851,45.9823],[8.7679,45.9831],[8.7696,45.9858],[8.7734,45.9906],[8.791,46.0187],[8.8196,46.0429],[8.8344,46.0664],[8.8089,46.0897],[8.7939,46.0934],[8.7632,46.0929],[8.7471,46.0944],[8.7395,46.0981],[8.7322,46.1074],[8.729,46.1082],[8.7239,46.1095],[8.7177,46.1075],[8.7022,46.098],[8.6951,46.0952],[8.6775,46.0958],[8.6309,46.1147],[8.6115,46.1194],[8.6018,46.1228],[8.5387,46.1876],[8.5103,46.2079],[8.4827,46.2175],[8.4565,46.2248],[8.4381,46.2354],[8.4272,46.2514],[8.4232,46.2758],[8.4266,46.3016],[8.4429,46.3534],[8.4463,46.3822],[8.4458,46.4124],[8.4416,46.4349],[8.4279,46.4487],[8.3992,46.4522],[8.3859,46.4502],[8.3434,46.4439],[8.3163,46.4337],[8.295,46.418],[8.2866,46.4054],[8.2904,46.4011],[8.297,46.3976],[8.2975,46.3875],[8.2915,46.3784],[8.2815,46.3701],[8.2701,46.364],[8.2417,46.3541],[8.1926,46.3092],[8.1719,46.2992],[8.1285,46.2925],[8.1069,46.2855],[8.0873,46.2718],[8.0773,46.262],[8.0731,46.2536],[8.0766,46.2497],[8.0999,46.2356],[8.1295,46.196],[8.1323,46.1594],[8.1106,46.127],[8.0669,46.1006],[8.056,46.0981],[8.0354,46.0965],[8.0253,46.0911],[8.0182,46.0809],[8.016,46.0694],[8.0159,46.0582],[8.0107,46.0297],[8.0088,46.0277],[7.9991,46.0128],[7.9984,46.0106],[7.9858,45.9993],[7.9787,45.9952],[7.9691,45.9931],[7.8982,45.9819],[7.8838,45.9739],[7.8729,45.9594],[7.8702,45.9404],[7.8496,45.9397],[7.8484,45.9381],[7.8453,45.9278],[7.8461,45.9226],[7.8437,45.9192],[7.8312,45.9145],[7.8254,45.9147],[7.8076,45.9185],[7.7801,45.9181],[7.732,45.9304],[7.7222,45.9296],[7.7146,45.9271],[7.7063,45.9257],[7.694,45.9287],[7.6925,45.9312],[7.6737,45.9503],[7.6587,45.96],[7.643,45.9663],[7.5411,45.9841],[7.5244,45.9781],[7.5147,45.9667],[7.5037,45.9567],[7.4827,45.9549],[7.453,45.9459],[7.3938,45.9157],[7.3618,45.9078],[7.2867,45.9134],[7.2735,45.9103],[7.2454,45.8981],[7.1837,45.8805],[7.1535,45.8765],[7.1209,45.8761],[7.0902,45.8805],[7.0669,45.8902],[7.0221,45.9253],[7.0152,45.9333],[7.0098,45.9434],[7.0028,45.9617],[6.9913,45.9825],[6.9877,45.9931],[6.9828,45.9954],[6.9151,46.0486],[6.8924,46.0556],[6.884,46.0532],[6.8769,46.0481],[6.8692,46.0441],[6.8597,46.045],[6.8509,46.0496],[6.8503,46.0527],[6.8524,46.0569],[6.852,46.0647],[6.8534,46.0657],[6.8531,46.0761],[6.8513,46.086],[6.8486,46.085],[6.8531,46.0902],[6.8612,46.097],[6.8682,46.1047],[6.8692,46.1123],[6.8539,46.1226],[6.7743,46.1348],[6.7657,46.1516],[6.7749,46.1859],[6.7922,46.2217],[6.8277,46.2695],[6.8049,46.2966],[6.7695,46.3227],[6.7504,46.3455],[6.7557,46.3571],[6.7821,46.3785],[6.7892,46.3952],[6.7881,46.405],[6.7871,46.4142],[6.7777,46.4241],[6.7627,46.4293],[6.6137,46.4559],[6.547,46.4574],[6.4829,46.4486],[6.3977,46.4082],[6.3652,46.4024],[6.3324,46.4014],[6.3016,46.3945],[6.2691,46.375],[6.2406,46.349],[6.2195,46.3291],[6.2141,46.3155],[6.2183,46.3055],[6.2275,46.2885],[6.228,46.2845],[6.2376,46.2679],[6.2418,46.2637],[6.2523,46.2599],[6.269,46.2652],[6.276,46.2631],[6.2812,46.2401],[6.2554,46.2211],[6.1914,46.1917],[6.1403,46.1502],[6.1079,46.1386],[6.0739,46.1492],[6.0283,46.1479],[5.9829,46.1404],[5.9588,46.1305],[5.9722,46.1522],[5.9798,46.1622],[5.9829,46.1708],[5.9652,46.1862],[5.9548,46.1999],[5.9585,46.212],[5.9829,46.2227],[6.0429,46.2431],[6.0445,46.2434],[6.0462,46.2435],[6.048,46.2434],[6.0559,46.2417],[6.0619,46.2412],[6.0677,46.2416],[6.0897,46.2464],[6.094,46.253],[6.0931,46.2623],[6.0936,46.2731],[6.1007,46.3014],[6.1041,46.3092],[6.1186,46.3318],[6.1364,46.3593],[6.1351,46.3704],[6.1229,46.3855],[6.1082,46.3965],[6.059,46.4174],[6.0542,46.4194],[6.0657,46.427],[6.0676,46.4336],[6.0655,46.4404],[6.0655,46.448],[6.0648,46.4511],[6.0624,46.4552],[6.0602,46.4599],[6.0602,46.465],[6.0642,46.4711],[6.0755,46.4796],[6.1104,46.5208],[6.1457,46.5516],[6.1215,46.5703],[6.1184,46.5835],[6.1319,46.5956],[6.2663,46.6804],[6.3379,46.7074],[6.3479,46.7132],[6.3742,46.7336],[6.4074,46.7457],[6.4179,46.7511],[6.4292,46.7608],[6.433,46.7691],[6.4326,46.786],[6.4252,46.7916],[6.4199,46.7965],[6.4171,46.8022],[6.4186,46.807],[6.4343,46.8395],[6.4412,46.8481],[6.4431,46.8515],[6.4468,46.8577],[6.4484,46.8716],[6.4452,46.8826],[6.4319,46.9],[6.4278,46.9091],[6.4426,46.9442],[6.4911,46.9634],[6.5987,46.9865],[6.6654,47.0213],[6.6883,47.0438],[6.6763,47.0624],[6.6897,47.0783],[6.6991,47.0846],[6.7242,47.0908],[6.7279,47.0971],[6.7317,47.0989],[6.746,47.1039],[6.7448,47.1211],[6.7748,47.1282],[6.8381,47.1681],[6.8403,47.1695],[6.8593,47.1909],[6.8883,47.2113],[6.9562,47.2452],[6.9522,47.27],[6.9586,47.2906],[6.9774,47.3037],[6.9865,47.3045],[6.9919,47.306],[7.0065,47.3194],[7.0169,47.3235],[7.0271,47.3254],[7.0366,47.3295],[7.0443,47.3405],[7.0339,47.3507],[7.0189,47.3599],[7.004,47.3681],[6.9856,47.3621],[6.8666,47.3542],[6.8716,47.367],[6.884,47.3826],[6.8988,47.3957],[6.9245,47.406],[6.9261,47.4249],[6.9523,47.4288],[6.9685,47.4352],[6.9834,47.4438],[6.991,47.4522],[6.9861,47.4641],[6.9758,47.478],[6.9733,47.4891],[6.9919,47.4929],[7.0008,47.4977],[7.0098,47.4992],[7.0189,47.4977],[7.028,47.4929],[7.0539,47.4904],[7.1037,47.4963],[7.1273,47.4929],[7.1403,47.4879],[7.1422,47.4877],[7.1537,47.4864],[7.1808,47.4883],[7.1626,47.4599],[7.1683,47.4436],[7.19,47.4347],[7.2194,47.4285],[7.2235,47.4262],[7.2263,47.4226],[7.2303,47.419],[7.2381,47.4168],[7.2448,47.4177],[7.2826,47.4289],[7.3091,47.4327],[7.3369,47.4319],[7.3785,47.4306],[7.3882,47.4333],[7.4063,47.4382],[7.4206,47.4509],[7.4261,47.4558],[7.4293,47.4651],[7.4276,47.4707],[7.4228,47.4754],[7.4195,47.4779],[7.4144,47.484],[7.4143,47.4902],[7.426,47.4925],[7.4415,47.4888],[7.446,47.4869],[7.4545,47.4832],[7.4674,47.4819],[7.4827,47.4913],[7.4845,47.4929],[7.4858,47.4958],[7.4859,47.4984],[7.4858,47.4988],[7.4849,47.5009],[7.4778,47.5077],[7.4756,47.5117],[7.4769,47.5149],[7.4827,47.517],[7.4931,47.5155],[7.5011,47.5173],[7.5055,47.523],[7.5052,47.533],[7.5017,47.533],[7.4851,47.5416],[7.4827,47.5423],[7.5209,47.5634],[7.5263,47.5665],[7.5503,47.5755],[7.5855,47.5845],[7.586,47.5846],[7.637,47.595],[7.6597,47.5966],[7.6465,47.5715],[7.6359,47.5646],[7.6123,47.5647],[7.6097,47.5647],[7.6469,47.5514],[7.6614,47.5462],[7.6834,47.5443],[7.7273,47.5504],[7.7667,47.556],[7.7855,47.5632],[7.8015,47.5761],[7.8197,47.5953],[7.8337,47.5905],[7.8982,47.5878],[7.9043,47.5836],[7.9075,47.5742],[7.9095,47.5648],[7.9122,47.5606],[8.0423,47.5606],[8.0872,47.5674],[8.097,47.5719],[8.1014,47.5762],[8.1054,47.5813],[8.1139,47.5878],[8.1221,47.5921],[8.1438,47.6001],[8.1621,47.6038],[8.1689,47.6086],[8.1738,47.6135],[8.179,47.6158],[8.233,47.622],[8.2511,47.622],[8.277,47.6166],[8.2886,47.6158],[8.2939,47.6115],[8.2993,47.6018],[8.3063,47.5922],[8.3162,47.5878],[8.3541,47.581],[8.4181,47.5808],[8.4211,47.5811],[8.4489,47.5843],[8.4501,47.589],[8.4618,47.6061],[8.4924,47.6198],[8.5224,47.6219],[8.5378,47.6121],[8.5496,47.5986],[8.5517,47.5969],[8.5607,47.5894],[8.5741,47.5924],[8.5763,47.595],[8.5806,47.6002],[8.5818,47.6077],[8.5813,47.6148],[8.5825,47.6216],[8.5821,47.625],[8.5797,47.6289],[8.5781,47.6335],[8.5803,47.639],[8.584,47.6411],[8.5892,47.6425],[8.5936,47.6426],[8.5945,47.641],[8.5951,47.6348],[8.6016,47.6326],[8.6073,47.6563],[8.5982,47.6569],[8.5936,47.6582],[8.5822,47.6613],[8.5682,47.6629],[8.5197,47.6574],[8.5047,47.6523],[8.4908,47.6456],[8.4761,47.6404],[8.4583,47.6399],[8.4376,47.6478],[8.412,47.661],[8.407,47.6616],[8.3913,47.6655],[8.3977,47.6763],[8.3952,47.6848],[8.391,47.6921],[8.3921,47.6995],[8.4019,47.7071],[8.4273,47.7165],[8.4379,47.7232],[8.4455,47.7432],[8.4501,47.7505],[8.4636,47.7639],[8.4715,47.7671],[8.4827,47.7669],[8.5365,47.7741],[8.5516,47.7793],[8.5423,47.795],[8.5582,47.8012],[8.5831,47.8002],[8.6016,47.7946],[8.6032,47.7873],[8.6041,47.7744],[8.6076,47.7623],[8.6174,47.7573],[8.6298,47.7628],[8.635,47.7846],[8.6441,47.791],[8.657,47.7881],[8.6666,47.7783],[8.6745,47.7667],[8.6819,47.7587],[8.6923,47.7572],[8.7033,47.7587],[8.7131,47.7574],[8.7198,47.7473],[8.7171,47.7435],[8.7037,47.73],[8.7004,47.7235],[8.7047,47.7153],[8.7126,47.7087],[8.7151,47.7011],[8.7171,47.6946],[8.7699,47.6951],[8.7617,47.7013],[8.7707,47.7209],[8.7976,47.72],[8.8302,47.7072],[8.8561,47.6907],[8.8377,47.6878],[8.8378,47.6808],[8.8519,47.6713],[8.8527,47.6708],[8.8817,47.6561],[8.9062,47.6518],[8.9454,47.6543],[8.9818,47.6622],[8.9977,47.6738],[9.0166,47.6789],[9.1281,47.6704],[9.1834,47.6704],[9.1969,47.6561],[9.2344,47.6562],[9.2732,47.6501],[9.5475,47.5345],[9.5531,47.5169],[9.555,47.5109],[9.5845,47.4807],[9.6217,47.4692],[9.6503,47.4521],[9.6495,47.4097],[9.6398,47.3945],[9.601,47.3613],[9.5964,47.3523],[9.5912,47.3347],[9.5874,47.3278],[9.5533,47.2999],[9.5212,47.2628],[9.5046,47.2437],[9.4874,47.21],[9.485,47.1763],[9.4926,47.1598],[9.5035,47.1454],[9.5119,47.1294],[9.5124,47.108],[9.5029,47.0947],[9.4876,47.0839],[9.4759,47.0732],[9.477,47.0639],[9.4996,47.0594],[9.5606,47.0524],[9.5812,47.0569],[9.5999,47.0535],[9.6523,47.0579],[9.6691,47.0562],[9.858,47.0155],[9.8563,47.0041],[9.8606,47.0016],[9.8668,47.0019],[9.8706,46.9988],[9.8706,46.9929],[9.8665,46.9834],[9.864,46.9599],[9.8608,46.9492],[9.8624,46.9398],[9.8751,46.9274],[9.8999,46.9144],[10.0069,46.8908],[10.0456,46.8656],[10.0681,46.8566],[10.1113,46.8471],[10.1252,46.8468],[10.132,46.8466],[10.1578,46.8516],[10.2014,46.8668],[10.2117,46.877],[10.2143,46.8847],[10.2152,46.8931],[10.2199,46.9058],[10.2351,46.9233],[10.2513,46.9254],[10.2708,46.9219],[10.2957,46.9227],[10.2962,46.9414],[10.3137,46.9643],[10.3389,46.9841],[10.3679,46.9955],[10.3734,46.9963],[10.379,46.9955],[10.3843,46.9932],[10.3844,46.9932],[10.3844,46.993],[10.3947,46.9854],[10.4156,46.9624],[10.4496,46.9439],[10.4585,46.9366],[10.4638,46.9197],[10.4514,46.8858],[10.4538,46.8644]]],[[[7.1946,53.245],[7.1975,53.2166],[7.1985,53.2006],[7.1954,53.185],[7.1886,53.1678],[7.1744,53.1458],[7.1719,53.1377],[7.1727,53.1258],[7.1765,53.1194],[7.1813,53.1142],[7.1851,53.1054],[7.1944,53.0338],[7.1928,52.998],[7.1836,52.9661],[7.1619,52.9326],[7.0799,52.8544],[7.0722,52.8413],[7.062,52.824],[7.0533,52.7906],[7.044,52.6826],[7.0367,52.6474],[7.0185,52.626],[6.9828,52.6328],[6.9677,52.6367],[6.9184,52.6322],[6.8654,52.642],[6.7705,52.641],[6.737,52.6347],[6.7191,52.6268],[6.7018,52.6191],[6.7102,52.6086],[6.7082,52.5997],[6.7037,52.5914],[6.704,52.5831],[6.711,52.5766],[6.7438,52.5597],[6.6883,52.5426],[6.6717,52.5417],[6.684,52.526],[6.6875,52.5081],[6.689,52.4905],[6.6951,52.4756],[6.7148,52.4616],[6.7412,52.4537],[6.8203,52.4468],[6.872,52.4347],[6.9002,52.4319],[6.9265,52.433],[6.9515,52.4375],[6.9608,52.4428],[6.967,52.4496],[6.9733,52.4514],[7.0342,52.3908],[7.0482,52.3651],[7.0398,52.3286],[7.0197,52.3],[7.0125,52.2849],[7.0119,52.2666],[7.0207,52.2453],[7.0266,52.2386],[7.0291,52.2358],[7.0263,52.2306],[6.9819,52.214],[6.9711,52.2063],[6.9477,52.1828],[6.9277,52.1719],[6.8848,52.1603],[6.8654,52.1478],[6.8433,52.12],[6.8307,52.1129],[6.7716,52.1088],[6.7659,52.1084],[6.7499,52.1029],[6.7329,52.092],[6.7276,52.0863],[6.7195,52.0736],[6.7114,52.0673],[6.6994,52.0636],[6.6889,52.0631],[6.6799,52.0605],[6.673,52.0501],[6.675,52.0348],[6.6909,52.0279],[6.7129,52.0239],[6.7782,52.0013],[6.804,51.9844],[6.8092,51.9795],[6.8117,51.9728],[6.8107,51.9606],[6.8057,51.9575],[6.798,51.9567],[6.7898,51.9511],[6.767,51.9255],[6.7438,51.9083],[6.7167,51.8993],[6.6282,51.8975],[6.5286,51.8764],[6.4794,51.853],[6.4629,51.8484],[6.4425,51.8484],[6.3785,51.8601],[6.3866,51.8376],[6.3825,51.8276],[6.345,51.8211],[6.342,51.8367],[6.3257,51.8425],[6.2874,51.8462],[6.2829,51.8496],[6.2718,51.8619],[6.2647,51.8662],[6.2564,51.8668],[6.2252,51.8625],[6.1914,51.8712],[6.1592,51.8873],[6.127,51.8967],[6.093,51.8853],[6.1054,51.8795],[6.1427,51.8552],[6.1561,51.8421],[6.14,51.8445],[6.1165,51.8483],[6.084,51.8537],[6.0433,51.8469],[6.0289,51.8421],[6.0082,51.8326],[5.9889,51.8275],[5.9481,51.823],[5.9315,51.8156],[5.928,51.8067],[5.9508,51.7959],[5.9641,51.7766],[5.9624,51.7564],[5.9461,51.7463],[5.9401,51.7426],[5.9393,51.7319],[5.9492,51.7294],[5.9783,51.7298],[5.9897,51.7264],[6.0121,51.7159],[6.022,51.7095],[6.0086,51.6812],[6.0315,51.663],[6.0992,51.6445],[6.0875,51.6221],[6.0821,51.6078],[6.0865,51.5955],[6.153,51.5384],[6.1933,51.5093],[6.2005,51.4766],[6.2053,51.4584],[6.2017,51.4386],[6.1941,51.4174],[6.1927,51.399],[6.2078,51.3877],[6.202,51.3789],[6.1989,51.357],[6.1936,51.3445],[6.1836,51.3357],[6.1582,51.3246],[6.1478,51.3182],[6.0965,51.2588],[6.0754,51.2427],[6.0652,51.2316],[6.0566,51.2117],[6.0537,51.1894],[6.0608,51.1709],[6.0843,51.1627],[6.1341,51.1842],[6.1571,51.1793],[6.1491,51.1763],[6.1263,51.1646],[6.1473,51.1523],[6.1324,51.1398],[6.0754,51.1204],[5.9829,51.0747],[5.9695,51.0649],[5.9503,51.0395],[5.938,51.0309],[5.9196,51.0297],[5.9062,51.0374],[5.8943,51.0471],[5.8805,51.0521],[5.8525,51.0428],[5.8582,51.0193],[5.8736,50.9906],[5.8746,50.9654],[5.8883,50.9671],[5.9142,50.9752],[5.9277,50.9777],[5.9416,50.9765],[5.9678,50.971],[6.0037,50.9737],[6.0058,50.9685],[5.9997,50.9601],[5.9958,50.9518],[5.9973,50.9374],[5.9999,50.9294],[6.0075,50.9241],[6.0311,50.9147],[6.0637,50.9075],[6.0618,50.9035],[6.0565,50.8981],[6.0546,50.8915],[6.0631,50.8709],[6.0628,50.8629],[6.0567,50.8527],[6.0456,50.8442],[6.023,50.8454],[6.0093,50.8405],[6.0005,50.8304],[6.0014,50.8218],[6.0036,50.8126],[5.9983,50.8007],[5.984,50.7922],[5.9688,50.7946],[5.973,50.7818],[5.9806,50.7734],[5.9906,50.769],[5.9971,50.7629],[5.9949,50.7499],[5.9748,50.7475],[5.9022,50.749],[5.8913,50.7512],[5.8799,50.7535],[5.7932,50.7521],[5.7829,50.7567],[5.7625,50.771],[5.7524,50.7734],[5.7436,50.7691],[5.7328,50.7589],[5.7278,50.7542],[5.7174,50.7528],[5.7066,50.7542],[5.6884,50.7608],[5.6987,50.7838],[5.7005,50.7956],[5.6849,50.7985],[5.6633,50.8051],[5.6574,50.8076],[5.6407,50.815],[5.6245,50.8303],[5.6223,50.8527],[5.6945,50.9037],[5.706,50.9066],[5.7176,50.9092],[5.7224,50.9117],[5.7353,50.924],[5.7525,50.9472],[5.764,50.9594],[5.7543,50.9631],[5.7447,50.9632],[5.7224,50.9594],[5.7617,50.9992],[5.7776,51.0236],[5.764,51.0352],[5.7664,51.0484],[5.7715,51.0581],[5.7796,51.0613],[5.7913,51.055],[5.7988,51.0615],[5.8043,51.0686],[5.8118,51.0823],[5.809,51.0863],[5.8074,51.0894],[5.8049,51.0966],[5.8159,51.0959],[5.8267,51.0969],[5.8368,51.0995],[5.846,51.1034],[5.8232,51.1187],[5.8264,51.1302],[5.8405,51.1389],[5.838,51.1437],[5.8291,51.1565],[5.8121,51.1573],[5.7814,51.1524],[5.7681,51.1595],[5.7472,51.1776],[5.7308,51.1838],[5.718,51.1846],[5.6762,51.1792],[5.659,51.1791],[5.6482,51.184],[5.6385,51.1909],[5.625,51.1969],[5.5684,51.2077],[5.5514,51.2168],[5.5455,51.2199],[5.5423,51.2427],[5.5352,51.262],[5.5167,51.2772],[5.4932,51.2865],[5.4716,51.2881],[5.4519,51.2821],[5.4099,51.2635],[5.3891,51.2587],[5.2707,51.2618],[5.2395,51.2569],[5.233,51.2559],[5.2154,51.2587],[5.2149,51.2943],[5.1973,51.3083],[5.1788,51.3095],[5.1402,51.3074],[5.1229,51.3134],[5.1181,51.3199],[5.1078,51.342],[5.1026,51.3507],[5.0681,51.3745],[5.0617,51.3843],[5.0653,51.4059],[5.0764,51.4219],[5.0799,51.4385],[5.0603,51.462],[5.0303,51.4744],[5.0275,51.4768],[5.0121,51.4743],[5.0061,51.4683],[5.0027,51.459],[4.9958,51.4467],[4.9802,51.4305],[4.9571,51.411],[4.9319,51.3956],[4.9103,51.3919],[4.8717,51.403],[4.8533,51.4061],[4.7833,51.4076],[4.7621,51.4134],[4.7678,51.4254],[4.7791,51.4264],[4.8227,51.4137],[4.8154,51.4311],[4.8199,51.4462],[4.8261,51.4606],[4.8239,51.4756],[4.8136,51.4841],[4.7968,51.491],[4.7787,51.4954],[4.7642,51.4962],[4.7312,51.4856],[4.6539,51.4262],[4.6436,51.4214],[4.6301,51.4182],[4.6146,51.4176],[4.5827,51.4226],[4.5539,51.4193],[4.5406,51.4201],[4.5215,51.4286],[4.5234,51.4384],[4.5318,51.4509],[4.5332,51.4676],[4.5252,51.4759],[4.5126,51.4774],[4.4831,51.4743],[4.4294,51.462],[4.3771,51.4429],[4.3892,51.4346],[4.3872,51.4275],[4.3806,51.4197],[4.3799,51.4095],[4.3877,51.4005],[4.4101,51.3838],[4.4162,51.374],[4.4112,51.3567],[4.3922,51.3504],[4.3456,51.3523],[4.3263,51.3564],[4.2901,51.3688],[4.2811,51.3689],[4.2611,51.3694],[4.2571,51.3725],[4.249,51.3842],[4.2463,51.3964],[4.2468,51.4067],[4.2449,51.4145],[4.2347,51.419],[4.223,51.4095],[4.201,51.4053],[4.1111,51.407],[4.0903,51.4113],[4.0702,51.419],[4.0151,51.4489],[3.9988,51.4531],[3.957,51.4558],[3.9431,51.4504],[3.9134,51.4153],[3.9021,51.4049],[3.8867,51.3998],[3.8508,51.3974],[3.8379,51.3922],[3.8272,51.3911],[3.8164,51.3941],[3.7891,51.4122],[3.7288,51.4308],[3.6897,51.4543],[3.674,51.4554],[3.6326,51.4457],[3.61,51.4451],[3.5534,51.4531],[3.5354,51.4592],[3.5202,51.4734],[3.5068,51.4893],[3.4948,51.5009],[3.4619,51.519],[3.451,51.5297],[3.447,51.546],[3.4575,51.5551],[3.5604,51.5946],[3.8289,51.6127],[3.8511,51.6108],[3.8661,51.6054],[3.8822,51.5961],[3.8965,51.5838],[3.9058,51.5692],[3.8953,51.5666],[3.8783,51.5594],[3.8716,51.5556],[3.8716,51.5494],[3.9673,51.5431],[4.0159,51.5308],[4.0571,51.5084],[4.0703,51.4927],[4.09,51.4582],[4.1048,51.4457],[4.1288,51.4414],[4.1808,51.4459],[4.2005,51.4395],[4.2202,51.4435],[4.2528,51.4425],[4.2638,51.4444],[4.2832,51.4477],[4.2967,51.4705],[4.2886,51.4921],[4.2678,51.5083],[4.2398,51.5185],[4.2305,51.5196],[4.1947,51.5236],[4.1533,51.5351],[4.138,51.5359],[4.1063,51.5335],[4.0913,51.5351],[4.0672,51.544],[3.9881,51.5903],[4.0412,51.606],[4.0677,51.6107],[4.1572,51.6079],[4.1834,51.6029],[4.2069,51.5905],[4.2073,51.5903],[4.2026,51.6091],[4.19,51.6167],[4.1861,51.6168],[4.1467,51.6179],[4.136,51.6204],[4.126,51.6247],[4.118,51.6307],[4.113,51.6394],[4.1099,51.6509],[4.1096,51.6623],[4.1126,51.6708],[4.1257,51.6796],[4.1429,51.6841],[4.1769,51.6859],[4.1664,51.6927],[4.1411,51.7039],[4.0715,51.7172],[4.0571,51.7303],[4.0508,51.7635],[4.0339,51.7842],[4.0098,51.7979],[3.9815,51.81],[3.9626,51.8012],[3.9372,51.7963],[3.9114,51.7964],[3.8919,51.793],[3.8882,51.7889],[3.8811,51.7881],[3.8716,51.7883],[3.8623,51.8161],[3.8914,51.8283],[3.9541,51.8402],[3.9627,51.8474],[3.9822,51.8483],[4.0156,51.8436],[4.0435,51.8342],[4.0476,51.8337],[4.055,51.8342],[4.0654,51.8371],[4.0776,51.8436],[4.0701,51.8527],[4.0446,51.8745],[4.0379,51.8779],[4.0321,51.882],[4.0298,51.8883],[4.032,51.8961],[4.0366,51.9016],[4.0413,51.9055],[4.0435,51.9087],[4.0402,51.9241],[4.0212,51.9633],[4.01,51.9801],[4.0156,51.9877],[4.0225,51.9944],[4.069,51.9879],[4.1077,51.9919],[4.1419,52.0056],[4.2847,52.1129],[4.4069,52.2235],[4.5081,52.3364],[4.5686,52.4453],[4.5773,52.4736],[4.5773,52.4809],[4.5969,52.5066],[4.6393,52.7007],[4.6571,52.7502],[4.6598,52.7653],[4.6694,52.7966],[4.7117,52.8631],[4.7214,52.8959],[4.7224,52.9145],[4.7264,52.9383],[4.7339,52.9589],[4.7455,52.9676],[4.807,52.9618],[4.8169,52.9676],[4.8244,52.9601],[4.8094,52.9296],[4.8328,52.9113],[4.8738,52.904],[4.9131,52.9056],[4.9358,52.9134],[4.9783,52.9357],[4.999,52.9403],[5.0389,52.9435],[5.0781,52.954],[5.2795,53.0629],[5.2942,53.0734],[5.3128,53.0828],[5.3589,53.0893],[5.3792,53.0974],[5.3998,53.1221],[5.4271,53.1903],[5.4474,53.2209],[5.4826,53.2456],[5.5042,53.257],[5.541,53.2666],[5.5579,53.278],[5.5735,53.2917],[5.5916,53.3028],[5.6118,53.3071],[5.6597,53.312],[5.6946,53.3301],[5.8547,53.3688],[5.8908,53.3843],[5.9137,53.3854],[5.9808,53.4061],[6.0773,53.4089],[6.186,53.411],[6.2739,53.4127],[6.2844,53.4105],[6.3019,53.4011],[6.3115,53.399],[6.3201,53.4007],[6.3456,53.4127],[6.4944,53.4387],[6.7302,53.4606],[6.8291,53.4506],[6.8498,53.4449],[6.8669,53.4343],[6.9006,53.3518],[6.9058,53.3505],[6.93,53.3401],[6.9319,53.3376],[6.9367,53.3354],[6.9417,53.3307],[6.9486,53.3261],[6.9802,53.3198],[7.02,53.3061],[7.0378,53.3096],[7.0462,53.3039],[7.0583,53.3019],[7.0701,53.3039],[7.0786,53.3096],[7.0855,53.3096],[7.0855,53.3028],[7.0775,53.2987],[7.0735,53.2956],[7.0737,53.2913],[7.0786,53.2829],[7.0807,53.2668],[7.1111,53.2563],[7.1834,53.2451],[7.1946,53.245]]],[[[3.3494,51.3752],[3.5109,51.4079],[3.5257,51.4156],[3.5414,51.4167],[3.6047,51.3911],[3.7022,51.3736],[3.7342,51.3558],[3.7555,51.3501],[3.7959,51.3501],[3.834,51.3432],[3.8582,51.3454],[3.9558,51.3718],[3.9692,51.3817],[3.9746,51.4016],[3.9841,51.4105],[4.0057,51.4098],[4.0291,51.4042],[4.0435,51.3985],[4.0501,51.3922],[4.0613,51.3767],[4.0702,51.3706],[4.0813,51.3681],[4.1055,51.3661],[4.1155,51.361],[4.1219,51.3594],[4.1565,51.3576],[4.1737,51.3737],[4.18,51.3774],[4.1996,51.376],[4.2215,51.368],[4.221,51.3638],[4.2135,51.3405],[4.2079,51.3306],[4.1686,51.2969],[4.119,51.2724],[3.995,51.2332],[3.9495,51.2108],[3.927,51.2063],[3.8087,51.2053],[3.7963,51.2088],[3.7814,51.2199],[3.7797,51.2303],[3.7814,51.2414],[3.7762,51.2545],[3.7573,51.2623],[3.6351,51.2878],[3.6095,51.2904],[3.5848,51.2895],[3.545,51.2839],[3.529,51.2833],[3.5143,51.281],[3.5034,51.274],[3.5015,51.2624],[3.5041,51.2497],[3.5012,51.2403],[3.4539,51.2356],[3.4219,51.238],[3.3988,51.2447],[3.3917,51.2468],[3.3674,51.2635],[3.3532,51.2886],[3.3539,51.3119],[3.3581,51.3367],[3.3494,51.3752]]],[[[4.0366,51.6859],[4.0784,51.6786],[4.0973,51.6702],[4.0994,51.6541],[4.089,51.644],[4.0726,51.6369],[4.0549,51.6326],[3.978,51.6233],[3.9603,51.6238],[3.9231,51.6325],[3.9015,51.642],[3.8919,51.6555],[3.8856,51.6684],[3.8698,51.6761],[3.8306,51.6859],[3.8239,51.6899],[3.8176,51.6953],[3.8093,51.6995],[3.7959,51.7001],[3.7713,51.6818],[3.7654,51.6784],[3.7206,51.6768],[3.7,51.6806],[3.6867,51.6927],[3.6895,51.725],[3.7258,51.7397],[3.8101,51.7473],[3.8142,51.7482],[3.8306,51.7473],[3.8438,51.7428],[3.9396,51.7412],[3.9618,51.7381],[3.978,51.7303],[4.0154,51.7017],[4.0203,51.6965],[4.0266,51.6911],[4.0366,51.6859]]],[[[9.5212,47.2628],[9.5303,47.2537],[9.5471,47.243],[9.5404,47.2291],[9.5448,47.2203],[9.5543,47.2116],[9.5629,47.1977],[9.5619,47.1906],[9.552,47.1756],[9.5521,47.1669],[9.5818,47.1549],[9.6056,47.1323],[9.6157,47.1068],[9.6088,47.0808],[9.5812,47.0569],[9.5606,47.0524],[9.4996,47.0594],[9.477,47.0639],[9.4759,47.0732],[9.4876,47.0839],[9.5029,47.0947],[9.5124,47.108],[9.5119,47.1294],[9.5035,47.1454],[9.4926,47.1598],[9.485,47.1763],[9.4874,47.21],[9.5046,47.2437],[9.5212,47.2628]]],[[[7.4375,43.7434],[7.4328,43.7399],[7.418,43.7309],[7.4043,43.718],[7.3807,43.7193],[7.3658,43.7227],[7.3673,43.7341],[7.3727,43.7458],[7.3875,43.7579],[7.407,43.7635],[7.4262,43.7555],[7.4375,43.7434]]],[[[1.707,42.5028],[1.6975,42.4945],[1.6863,42.4906],[1.6742,42.4905],[1.6624,42.4937],[1.6598,42.4968],[1.657,42.4976],[1.654,42.4965],[1.6504,42.4934],[1.6395,42.4664],[1.6075,42.4564],[1.5444,42.4504],[1.5389,42.4457],[1.5345,42.4399],[1.5282,42.4342],[1.5166,42.4295],[1.5085,42.4287],[1.4479,42.4346],[1.4364,42.441],[1.4364,42.4535],[1.4076,42.4868],[1.4245,42.4925],[1.4302,42.4936],[1.45,42.5041],[1.4466,42.5199],[1.429,42.5315],[1.4065,42.5292],[1.4098,42.5406],[1.4263,42.5618],[1.4264,42.5656],[1.418,42.5698],[1.4193,42.5793],[1.4249,42.5894],[1.4293,42.5954],[1.4514,42.6021],[1.4668,42.6415],[1.4984,42.6402],[1.5278,42.6485],[1.5431,42.6494],[1.5973,42.6219],[1.6083,42.6181],[1.722,42.6099],[1.7133,42.5895],[1.7294,42.582],[1.7527,42.5767],[1.7611,42.5676],[1.7651,42.5634],[1.74,42.5616],[1.7217,42.5485],[1.7106,42.5277],[1.707,42.5028]]],[[[-2.0827,49.2602],[-2.0679,49.2507],[-2.0207,49.2353],[-2.022,49.2255],[-2.0173,49.2214],[-2.0119,49.2153],[-2.0083,49.2125],[-2.017,49.2072],[-2.021,49.2008],[-2.022,49.1925],[-2.022,49.1814],[-2.0245,49.1713],[-2.0312,49.1715],[-2.04,49.1757],[-2.0492,49.1783],[-2.08,49.1787],[-2.097,49.1837],[-2.1202,49.1992],[-2.1289,49.2031],[-2.1379,49.2056],[-2.1448,49.2056],[-2.1529,49.1999],[-2.1606,49.1907],[-2.1687,49.1783],[-2.1772,49.1802],[-2.1897,49.1891],[-2.2001,49.192],[-2.203,49.1904],[-2.2234,49.1847],[-2.2336,49.1845],[-2.2265,49.206],[-2.2332,49.2285],[-2.242,49.248],[-2.2411,49.2602],[-2.2294,49.263],[-2.2152,49.2602],[-2.1963,49.2534],[-2.1827,49.2541],[-2.1724,49.2563],[-2.1627,49.2604],[-2.1517,49.267],[-2.1438,49.2619],[-2.122,49.2583],[-2.1107,49.2534],[-2.1039,49.2582],[-2.0976,49.2597],[-2.0827,49.2602]]],[[[-2.5802,49.4936],[-2.5596,49.4993],[-2.5382,49.5098],[-2.5182,49.5155],[-2.5017,49.5067],[-2.5058,49.498],[-2.5221,49.48],[-2.5267,49.4585],[-2.5329,49.4429],[-2.5328,49.4389],[-2.5341,49.4362],[-2.542,49.4309],[-2.5521,49.4267],[-2.5587,49.4272],[-2.5648,49.4295],[-2.5731,49.4309],[-2.6693,49.4309],[-2.6735,49.4335],[-2.6708,49.4388],[-2.663,49.4438],[-2.6518,49.4452],[-2.6566,49.4594],[-2.6503,49.4637],[-2.6379,49.4639],[-2.6246,49.4657],[-2.5802,49.4936]]],[[[-2.3638,49.4468],[-2.3564,49.4404],[-2.3544,49.4278],[-2.3647,49.4179],[-2.3735,49.4116],[-2.3781,49.4127],[-2.3748,49.4192],[-2.3731,49.4243],[-2.3759,49.4304],[-2.3755,49.4355],[-2.3726,49.4381],[-2.3699,49.4421],[-2.3661,49.4457],[-2.3638,49.4468]]],[[[-2.1745,49.7314],[-2.1703,49.7287],[-2.1703,49.7232],[-2.1879,49.7106],[-2.2008,49.7057],[-2.2169,49.703],[-2.2262,49.7078],[-2.2185,49.7187],[-2.2047,49.7241],[-2.1948,49.7248],[-2.1786,49.7309],[-2.1745,49.7314]]],[[[-2.4537,49.4819],[-2.4478,49.484],[-2.4452,49.4746],[-2.4534,49.4621],[-2.4545,49.4661],[-2.4551,49.475],[-2.4537,49.4819]]]]}}
